rainfall_mm,equipment_availability_pct,equipment_downtime_hrs,blasting_delay_hrs,ore_accessibility_score,maintenance_backlog_hrs,daily_production_tons
26.30871220623267,87.66301756927828,6.222483387278361,1.703605141023539,42.167973643437264,14.603388667292954,300.0
16.840623546417195,68.68463602164555,11.153050362145189,4.192469901278619,75.54533748966992,11.859318370444463,300.0
15.646801673727913,84.09275279062055,5.098063565135649,2.3430659093773096,72.84896913230945,12.972233610172355,300.36549739930206
15.647001087605615,89.23688574347432,3.3427720658908195,1.063358171651748,79.60753139258367,3.6391912774792576,540.7538740974675
49.62350499557598,76.12082792816268,8.547402526588169,5.3873867765437,71.43226679965487,10.530555696401455,300.0
31.237533760276172,83.69903298783916,5.975401020100318,6.951472838726827,66.14198598649966,5.486605270142636,300.0
12.959062404468987,95.309399126454,1.7095570488332854,6.534494614858152,98.16910667191289,5.750906222158857,555.5335122517461
27.10398192539335,83.77120767728505,5.418300447466769,2.2761541340971134,80.56521011771896,13.9034713211636,300.0
22.171493243771042,79.76685862737385,7.193234124762784,1.3998216468649045,75.78189317367034,18.402610733017184,300.0
2.8297972419863666,94.44903007495218,0.5,1.6027710815478329,72.91702869377659,9.267618988610238,640.6278547550895
7.966529368101693,94.2855678977903,1.6077909306451639,0.6372661494651263,85.34385779753246,5.739486914219427,708.0035790767228
23.297686236853103,91.02468329396768,1.6742811487098286,6.600704164895306,67.38123623693717,13.677444870259777,300.0
46.70514055454076,67.78772095643302,11.221100223617665,2.7409088159545085,63.11225624809552,17.68136683430572,300.0
15.748771732473017,67.70312335086871,10.224974372883775,1.3701919915591965,90.84161496179249,15.469738420204834,300.0
12.173090871463755,74.89638254079888,7.11061002345703,1.652550800111944,76.41411295391683,17.63763014965857,300.0
20.22354045736295,83.17995402572555,4.971652772209641,1.977482727457724,68.06032625095953,11.657984078194389,300.0
11.604194815030668,80.7203487033501,6.546035393389262,3.746414186964627,76.27454206010249,15.533772398645436,300.0
14.95826084904226,77.05733473179592,7.483372383356713,1.96669022745256,83.37193985727905,4.521162068460857,300.0
18.482866053874368,82.41762065858713,4.922267866578073,1.2986545452915956,80.78286017751559,8.268943076537447,369.34778181146066
7.623981500077721,68.55628341659676,9.117343979749922,1.002991013761658,85.58876314276641,9.011884960667404,300.0
32.31089937349068,76.02095652736438,8.052160720502943,3.0386291785096122,61.87136196932108,11.203323432428622,300.0
6.46169629936094,89.52608797292362,3.0266895236250915,0.6421408459286615,85.53708801016946,18.723374484622827,537.026733767983
5.765296388964696,85.1261599508936,4.751482115144228,2.1799906174352253,75.48767655719497,17.737338083999138,374.75680495185173
21.487552499705522,82.80721702473461,5.603179508431156,2.7426349676846646,75.54277402537906,4.421458861205322,319.1710034699058
30.682985224175226,88.02872557030156,4.334477359639735,4.042593541021272,84.24700265917672,5.110213733884338,321.8402640165568
21.10725766358637,76.82725703502167,8.401804856408706,6.607098761317196,81.12244240990366,8.437529892600404,300.0
17.13077278062903,73.00649669745893,9.11504179494711,5.723169431727115,78.55385641149775,7.23338958603213,300.0
14.847618129102127,88.24964435291787,3.6604151758863286,6.582726003276392,57.88088713231209,13.065877156812721,300.0
13.053940271052213,88.49709818863994,3.8541114342633294,1.2140188295129093,75.59639226091959,18.249968859761807,408.22005801902344
37.154972671953985,78.2922394102165,6.964530622786804,2.139874415351838,65.3286756110724,19.32124775010656,300.0
23.453825353512343,75.55719041756771,6.833560511237599,1.8925566154034588,80.84533393654941,13.764853145634078,300.0
13.88425591866316,78.95650090595798,7.8880566350456665,5.2034256503399,84.79998529552148,17.08686562521956,300.0
10.861477728580297,69.39629128266364,10.923987329102363,7.697998692023362,73.61649913566809,11.453639604154349,300.0
28.33295479131624,84.67032218756806,6.700559799008457,5.339253071252297,67.71068349920438,5.749885043480715,300.0
36.59308514880236,82.57073174349662,7.634155530683212,2.0627617131070144,86.48174438732305,11.444391417682592,300.0
34.50026701723367,63.916479252474325,11.087024143373018,7.616156517775021,67.3606318442917,11.99148682587772,300.0
9.388169049672282,86.87565948032119,4.1064602369232075,1.5704758586253993,65.80493707922288,15.364236155844019,377.29220115849694
14.7527145441689,81.98721604035491,8.01349299737781,0.7563435320523416,68.25705244120417,5.957893814732284,309.92832315495275
12.855434878469882,70.99601144361024,9.635555692997464,1.8109761324331761,71.04069027520163,8.62958687756117,300.0
16.243244856043646,68.77848452309064,10.602540547673854,0.9064904729289169,67.77524579504751,8.552494445862195,300.0
32.11396023139251,77.92287490430742,6.14213773720853,3.175687588660727,80.75542841479378,19.26991272334097,300.0
44.003981285252905,69.13749120598901,10.407733836598416,3.0268530100480957,51.58218179704597,9.99100928588094,300.0
24.05631165608106,91.26720224005953,4.456484886454094,2.4855763270571734,66.41250954857807,15.591691411366636,306.5551347317698
11.167135860120057,87.16401726796484,5.30796155876121,2.4578985760283385,75.86145261188823,15.514604864739903,353.60066347892996
18.181455673196083,81.78962484575469,5.5821373542002695,4.9711542932138055,77.12899762904122,6.779795326458345,300.0
49.24249751747887,75.3512825781738,7.899186047354002,4.6309613399095255,85.80413891009941,12.293654408691179,300.0
19.881392136126188,88.27303117298958,3.004269375008064,2.132564695954168,88.88893059445424,18.097452079735667,421.36699775707194
14.872219684086653,85.50025640331964,4.152317353360356,4.166860741027877,61.32653264388612,10.55355895022509,300.0
15.823356168692955,82.51699315085573,4.299499406685582,5.511217814648742,58.41806510956984,19.012115132165828,300.0
23.983196985767755,68.88160725275101,10.304941842688537,1.4542811358596888,74.59126181347382,5.860248127834908,300.0
9.656151632774792,98.0,1.8747552106109953,2.0010951475604024,70.45691012691599,3.334863903932553,626.1888011320619
12.616316901555857,70.39894822319185,10.15136279821105,1.3003966357755412,65.34331538691795,18.046169716605487,300.0
34.17458429443791,71.98124955842235,10.432574672498468,1.8051384015623908,72.9829004329802,17.2582615633199,300.0
23.528151288739654,63.5859805051973,12.996606019008365,3.3849442431375536,76.51105317169896,19.866617766809206,300.0
20.024659997820216,81.90496007063365,5.594233504797348,4.973438188071592,67.40958504352936,14.22908278602367,300.0
35.274828832197876,75.44842115519492,7.576254285809867,2.1193712663317483,67.05601296983286,18.86038268000869,300.0
10.623921703200288,85.78494873221402,4.161402777114163,3.878228178946721,69.5120379980311,16.885082451513995,300.0
14.538288090299796,64.88905157129857,10.329999917480173,4.566951178922365,72.07983561546351,17.199673996161565,300.0
23.011769535253745,85.84065604129164,4.745645505805913,6.065337425809605,79.38523146421957,12.244548268176828,300.0
22.465349689875932,70.59813985647038,7.477048530581536,1.7398129471344508,64.89304479615433,8.882562762500795,300.0
5.237978841923602,79.65560305986588,7.254598054140481,4.947735547530316,71.41213823223305,18.822045305779074,300.0
13.48918900005305,86.48494856943685,4.562521892096148,1.4477346408026603,72.34708236222252,9.7781091610861,394.15160635837066
16.54865726645464,80.44942887443517,6.894008935050816,2.4348665146458512,75.42092976363554,11.698748610494043,300.0
24.749124420107734,79.21073308091121,7.775368666054772,1.3411114548771401,76.73549177319609,10.03005752825338,300.0
22.41121340069519,83.46296361109026,5.671381133640996,1.210306648263418,92.98263855449285,12.166729651283548,390.6199287551536
17.667903955843784,81.54338624922416,7.457461973715753,3.4319941328576613,80.46294586509894,10.46909142186189,300.0
2.808521570786549,78.65326203403721,7.613135970749364,1.3161273331547152,82.90610388773452,2.863416054430566,430.9411203892296
18.306756397492535,76.6407605666698,7.180711666990561,1.5075524179382143,72.81846942086028,17.876867348138575,300.0
19.501719485729964,79.404651142354,6.674947452165297,1.3975492754447476,66.21994991586361,9.999088740483856,300.0
76.5977440646122,57.98404755741464,12.196284659461677,6.046930598554649,61.72041225666013,12.600985673132277,300.0
16.159928482461282,86.41288500896788,3.807285977966308,0.8087996734545239,69.14701831569677,4.505380449643766,452.13013007302646
23.09712344911482,79.22786428765461,6.619248112701751,4.433528759835484,78.02950756262386,2.0609812636875047,300.0
39.03869151224476,74.0096980106819,9.100452884085499,2.1170671673845134,57.24666346054969,6.415221685585573,300.0
30.93995514857327,84.73318233956564,4.488650397311336,1.972121267747771,78.6558102039992,14.682548578400304,300.0
45.140240914206295,71.10823785318365,8.633576171124572,3.2333029129108857,70.13780755794483,3.785501542031815,300.0
5.31754908138395,79.37077122487621,5.3663840693014295,1.5925057023014613,83.76650173199374,18.35997392695642,342.33591012470004
8.14044513872566,76.33207195744863,7.412175332642468,1.2840170366033816,70.22775952680269,5.870406248411323,300.0
11.949312942312053,82.11568722409883,7.522119033861399,1.370886309241293,68.05927562507297,5.682685057251964,330.23798418734617
4.4849838325825555,83.48090442348396,5.723250820089638,6.868061311176021,73.63123395376662,5.2671433091869195,300.0
19.619172213226403,72.35350850901094,9.967160693547164,3.0330564237194544,71.14528089323161,2.2516708334845656,300.0
8.712049977242506,78.66179718809946,6.392690884502115,0.48302624471082534,83.91432820308799,15.892498432608223,356.5350866362841
48.85980995157223,65.97402366250024,10.083232304418143,3.5678456517578567,77.80627200477775,17.750621562414654,300.0
9.880082295697344,74.18743426442265,7.6273266072553305,4.6530263988921625,93.62719540746416,13.054928647091579,300.0
14.603158423003801,64.94812249312439,11.606254281632427,1.4476726751484046,71.31409693588836,5.387599670237521,300.0
32.13341170426762,73.08336739560868,7.376907793347035,1.8053310424843114,43.01603287597151,7.135003944935836,300.0
6.394434244834963,66.97551833749621,10.202888221040112,3.1605392790601363,73.3200317059974,10.56668055256934,300.0
4.191595856675998,77.37532342081519,7.072470310951235,2.072458746308206,79.41118194837382,19.178227129219415,300.0
21.304583843837058,72.41143438733498,8.139448292704367,2.7546233859949636,81.19908864289395,6.452324692719371,300.0
22.44722993972436,85.47676987138547,3.1421302956783124,1.2324918943256216,77.32935395059481,15.169626270557984,367.59703136054407
31.51543782251878,66.94712522856874,11.249347882378228,1.8785784953049933,68.77018652881489,9.910068019272565,300.0
26.74436773391395,70.02674802002312,10.027781149233277,3.285849526196595,89.37982405665292,7.361252270480392,300.0
23.025350182334282,73.88222984635388,9.32914727865281,1.6172104881156066,65.20657526758981,10.206486866398048,300.0
10.831959039812132,74.97581979921912,7.453052800858338,1.9442392561004613,73.86740250697164,3.2817209157421856,300.0
22.023058379963643,88.108965535783,4.571616349176978,2.675548645255544,64.94135267525819,16.376372676746524,300.0
22.963927680919127,67.83939692580083,11.943644380322567,1.8149705181144413,74.69560170667368,6.379434703693408,300.0
10.508942840487785,76.65279658320596,7.992172924720832,6.454889613745478,90.68871040288265,15.057418217473469,300.0
57.52239403402257,72.00159530583029,8.844852529165907,6.572323608846488,68.06730757980729,3.230270686067505,300.0
25.9176878291696,83.34757542191875,5.666872712301146,3.85884163406559,72.86314815678324,19.19177401098235,300.0
8.265650949247851,77.13962434372385,7.093895307322254,0.5756893533889905,61.46049428221749,5.474269737302575,300.0
31.617477234438777,59.69935820439313,12.77412041905929,1.805263761430115,70.63844874271518,17.88935737172745,300.0
35.16491206583115,73.06288557283311,9.525646453991625,3.1158717990475924,83.0436466404255,16.57051777307782,300.0
24.89335418610866,87.33968988850181,4.108863114669639,1.5950736556417615,71.97787138117003,19.421478633465487,303.57378737117403
15.510738938882279,80.84513669288933,7.349030958463581,8.43324242929735,72.77727723395685,10.602031897023494,300.0
10.1463165910783,81.65915324884223,5.7596771923244,0.8525024512147061,86.39348369392789,15.093151289227128,378.53174160949703
17.632948101968637,69.61660748495092,9.854857840480351,2.2184310248356516,72.49698076796962,8.672791826680113,300.0
23.726402212543725,67.45481879093107,10.39518494017113,2.091814260037016,86.03352235816254,5.318628284354489,300.0
18.84487042105452,77.9984616964408,6.4376993502366355,2.982140148048419,63.57551307835212,9.97536679280208,300.0
46.40074954505714,60.38080372183616,13.857938678281219,2.5963476857610686,77.10457334181069,4.983482276992188,300.0
28.58617013081091,81.96194035012168,7.761255881650763,2.5546569249716757,88.49303734963748,19.67680321015491,300.0
9.234008383541049,73.19534816469007,8.629102154250386,1.1040541303140916,85.64961081956305,3.7324368405328947,303.2444362896282
7.525271749564675,80.14718196924382,6.073209255312056,4.750344258024824,60.02974727284782,12.605811022147167,300.0
26.064872188756144,61.179592768439704,12.34387695688776,1.3861082044862607,68.30953999880862,13.276349394573007,300.0
15.777010890511637,75.37864265653938,7.663332532406568,5.689339180633176,73.4198846445032,11.685431771732976,300.0
30.219765910630876,65.86476712261958,12.698237908119447,5.090441032924128,82.5206345837691,13.919345942813004,300.0
25.907566682666197,57.72468399107895,13.51698758716577,2.00179942776108,62.09330195169715,4.091253950214037,300.0
17.689209742308773,82.4431105713826,5.384083035494166,3.999011698042704,66.14018850511985,11.99033343569524,300.0
9.322858382534346,93.07824746857503,1.3149674420875463,0.5295650869023486,62.119208370999914,7.169826280292508,569.4886493647695
4.67677672038009,90.00689783626795,3.5659530736678056,7.048202358412975,69.83028124115266,18.92316913941902,300.0
21.74719138113826,82.66914341538002,5.723168545152538,2.582967366645973,63.43746138007844,15.717289761915064,300.0
6.295455073854499,77.30203054018764,6.656246799295404,1.03751904030714,91.4008344806895,19.505260678875366,346.13814820897704
9.007712662224325,86.46542504269325,3.7972613079144515,1.3510487131703324,70.78644766483465,2.676009255323412,486.65980940384935
20.846707592353745,87.20454991827201,5.49149672367111,1.1797612440945233,81.05532149031701,7.132397153252756,411.9805633475647
19.47329681044367,78.81044933907273,7.089349758657437,10.0,75.20473104340327,5.517606559490282,300.0
7.0005537708566425,70.98499679191536,9.75301605238605,0.4301971070371438,76.94956846269278,2.200782571612949,300.0
37.71835314321886,69.70688791976087,10.182227086767226,4.0138010369884345,66.98325265266222,6.361863144433785,300.0
37.083240385527375,87.46325902196746,5.2946139699131205,3.023594127133594,79.33171632634726,14.21796770336772,300.0
26.62462757590965,75.54462858809855,7.31561898077725,7.279807805860414,75.35940395739462,6.159600598422234,300.0
26.603005401388508,49.54929305240576,16.499785899723584,1.8948754031765138,74.84424440624315,11.162062018687127,300.0
26.624842574576736,64.39114692423156,11.734445526592804,2.8501871717503375,68.62948812221218,17.980726069369975,300.0
34.969912957713476,70.91102952416318,8.319382831713826,3.065431517139354,68.85052972096578,14.487642566283354,300.0
29.05565930419484,83.89435686041769,4.635634499929029,3.8799300810571316,78.9058511625496,9.103323258308576,300.0
9.9736010571097,77.62082894818057,8.297063545764559,0.639546938548548,78.53846034534305,8.70444090041795,321.66595798718697
15.61445164032255,87.00027387891512,4.94141283742572,1.211542472840602,76.73308308452847,10.203244652152724,406.85886013223427
71.51147387839573,62.05817691837302,13.39692786062395,4.0586083849140975,60.45089649323271,5.186745939078315,300.0
3.012328616573219,65.62294752646899,10.987745313151882,2.830589112801386,95.00912003924346,13.412013813487786,300.0
12.932755659053017,75.22230448622366,7.886675645830377,1.0659542997340372,71.70672599512163,8.554750743882899,300.0
37.84732337052448,76.43314887085491,6.425164647017938,3.5966133711522312,72.01462753889254,17.342576286716785,300.0
10.500074497678767,81.78558640524118,6.817018832105989,1.009768142503886,74.7056861654757,15.617947881040694,324.0978154846981
29.576336005107976,65.45234408482315,12.393207120071827,5.434391854702088,91.1199503745854,12.989236953658882,300.0
19.296244831264357,74.94525652269172,9.218717932331245,6.665842006632352,72.45223176094206,8.55564000769129,300.0
11.104390304594872,98.0,1.9499396694484585,2.01688843104367,72.8572639855299,5.778772970122719,598.2065624369433
2.417138312253268,71.60207896092926,9.80366055448217,0.9895396544865476,78.66622958621204,15.970733553901212,300.0
21.331758812205464,82.5928002170248,7.047905396895754,1.599885013392135,68.52236817300951,10.755363781839558,300.0
9.79746426777163,63.07115227253188,12.149236221829735,0.5919988058719892,77.49877781194787,6.045500687192435,300.0
17.142540491884297,85.13897568834274,3.5400664785479803,1.4824433499703233,96.73705114772727,5.513143070720112,536.2537252818892
26.45105642966376,69.0421644639664,11.007858253803295,3.4465491837676017,76.69360153551025,4.977216281024463,300.0
33.1694836976522,77.91941965214005,5.917082148479694,3.1839700783340934,75.35779074089139,15.98890153170071,300.0
12.900546057714974,68.82967505315709,10.526269955208996,6.411309247300043,69.56777405515984,6.12176933540561,300.0
11.087690927087566,81.88753039745438,6.80174890921461,1.5636650069556604,91.68371075011353,11.479560743453554,396.46683692437733
6.195729362653813,73.36773717428466,9.136827978733272,2.677233834182659,94.48593490278374,10.127834497515016,300.0
34.224904497013505,68.75013554692401,12.239215940824483,3.055280201005081,80.50438770789107,12.43299618610911,300.0
65.2634691364176,71.17792484114837,8.034615190966296,4.70041613906892,74.05897863709878,17.788788206681495,300.0
36.62446146873321,70.49953466570257,9.767199906737078,2.454556071751213,70.35744261674066,17.619453021471152,300.0
41.87742185528422,75.83001877756797,8.070624779679468,3.3076294341165937,75.20442494930896,10.119369292847473,300.0
10.571309922382037,78.14758126792914,6.208857324411023,1.8012864897732523,68.86188506788014,2.2765925132250198,314.855694051833
25.410678605127124,76.94960015685022,6.760480381803831,3.7232606329481883,64.01737242722227,9.675988502857457,300.0
31.376382132108695,78.6578877017633,6.437934544084286,7.2170884394294195,59.87130342965201,12.911483673634526,300.0
0.17093261499234086,79.16224718797257,6.066199768769733,0.8074767520925422,81.63442586722434,12.039765663765111,416.5241656248815
7.87736294179152,72.29858186479169,9.147410324938344,0.4801017076903988,64.37702530784507,13.7240499044037,300.0
51.03141785975241,66.51458994341615,10.679431432072889,3.923100390770209,65.81256869302479,4.773363184515503,300.0
5.151957841658598,90.4276827135026,3.445099136109005,1.830147241851797,76.64014194693341,13.637631778053187,510.551954827569
46.09403723055123,72.78869648189112,9.589978878998743,2.673606835471788,80.00750801111559,5.2877291373879,300.0
5.118895992616817,74.1146552543405,9.093871416328275,3.114052982273818,71.9921841015192,15.509431652541481,300.0
8.21158138520949,83.40593696235567,5.203253349733639,8.800559283150779,86.75171360687311,8.10357703872824,300.0
25.7187506032056,80.08839954680786,6.864780654635624,7.1151535370481245,82.5586176278168,14.778117800866164,300.0
19.63667800304344,81.83992344571293,6.881461984370411,1.4208991543216984,65.3767233505047,2.861580780309928,300.0
13.8816616393253,71.12333683637816,9.982006052895938,4.858786464499374,85.98718019906869,9.34148046063644,300.0
49.80211200145122,65.58440740539358,12.959046353756877,4.928235414836601,67.94145310050848,14.690621400739989,300.0
6.348050844629509,75.18879508308542,9.056144828384877,1.5271131903253194,72.5212322597723,6.083669293966894,300.0
16.668735228659063,75.44769495316547,9.558827340396947,2.3891526033029424,72.94951023698121,16.315166806350007,300.0
27.913533517205103,80.17037610736476,4.6160001285343615,5.184592737688794,73.74541843159118,13.354035195888775,300.0
22.774948831230727,79.35898969497734,6.9576776652530725,2.4471194423355334,70.81235627137669,12.57611189869637,300.0
11.386032872053068,82.49680842540562,5.575251190769686,1.5035806941591803,68.69887012594081,8.363879375678067,327.1329383095838
11.716752003109871,90.25446769828801,3.1485269829859575,1.945302693157323,69.44518685628145,10.684126466860116,449.6485984469712
32.8467655994907,80.28483902804508,5.92775278790166,3.3731999119040035,74.28747044741255,12.752287417601355,300.0
33.852496936628754,73.41803767397298,9.17761362898302,2.111790807036615,71.4419534931523,10.504318050468028,300.0
23.187820692130305,67.42759803931133,9.410782174295624,5.7827987254085915,79.23161413677653,14.569639830930083,300.0
9.476774768362967,74.1987334831932,8.923171662565968,2.7167017879692725,77.01374985957492,9.806544795925273,300.0
12.01149317997755,77.26383095897913,6.961354037529192,2.606827547608958,76.8554019868572,5.640917271356546,300.0
18.382550307684472,84.58887755099833,4.736731944237542,1.1287293625252397,80.54192756735591,5.85080809041885,430.99726032282626
20.315987435384038,77.31182729136675,7.913525651863672,2.8693601758300322,87.68686453190655,2.1044678391729397,300.0
27.183549573931263,70.77005145462758,9.806338364083874,1.617028737578776,87.0176686985373,7.417238880056104,300.0
16.038221244037054,72.60844824049404,9.973653982293817,0.9658451411510122,87.6219245944224,15.480517528613353,300.0
32.367489528425686,74.32252663237654,7.78355498453103,3.1170092589266587,80.94291909840791,16.29492875907697,300.0
32.133262925691895,82.05058265408458,5.918574593531438,2.637621127579536,91.91270615997556,5.6444157577235,301.8602687144821
42.78695107651326,85.31502520936802,5.606010090486249,3.9167486362535486,75.48637123471516,19.26279194368534,300.0
18.955106824567938,76.18372771435772,8.227717223548547,1.134667909616792,78.05064631421345,11.043250282642282,300.0
23.45513597569782,76.48192463924569,8.179833856355007,2.3004469563324736,94.64102108317276,18.505617482333047,300.0
16.944433882729953,68.56069089654034,11.366203987859809,1.2314484918202346,50.888615266695226,14.72177507350936,300.0
9.570765065554799,95.40797223837367,1.2056819614464864,9.17960751011959,74.60331684236792,15.003801614403436,301.48097111575396
64.33103350321896,56.63914992404316,13.960151990287796,4.863747863194011,79.58680653686716,3.5307851835092805,300.0
39.38127845260349,82.70941723467165,6.224251137988653,4.294961493079767,80.87917480660462,5.959840284144752,300.0
31.706437943305218,72.10189602837309,9.179822801733431,2.372646807711086,96.29889848202488,2.1586669993005074,300.0
18.499843342348772,73.13510251396072,9.852728682837933,1.1240559369804144,76.15639496363046,14.890297528581275,300.0
8.895572889734755,71.16294538917094,9.908170286635062,7.893448955730939,72.75230564504602,8.19988919171318,300.0
35.41021557179467,93.49014176946224,1.6712721992803772,2.4449811328352795,69.66370494416304,16.159745289374243,331.37993178327866
16.728704469520117,80.09161800293273,6.906834553804669,1.9390645472179096,78.3173077953232,8.100851958866473,300.0
24.89584595461013,76.69315738681829,7.0467878063492115,3.3436591075793505,88.82445147037036,16.7480075413795,300.0
11.97544478916127,86.45926102282087,5.271122433745356,0.6487870239711768,90.87495236159523,4.352568567469634,536.5441854321368
22.21756088187545,71.9054748009477,8.247119887778911,4.435070009158406,74.12723382121564,5.120716821635147,300.0
12.561825517793963,79.25116602793338,7.893930210045822,2.1663264818550405,78.35680255243103,8.135777712510857,300.0
12.942316887975911,79.60338057914227,7.055574349233572,1.2991778413135222,70.51823825397783,9.35277299988092,300.0
22.019950205614695,73.0584450959797,8.848869525641959,1.2281724925912958,70.09606754070789,8.27665059517361,300.0
5.0487352873935345,90.48638287026073,3.781873030660192,0.6071010109974551,86.62300462782552,15.745646585417958,586.9166986650163
5.284418291481168,79.08819268390691,7.379663754027581,4.772455806771151,91.59123975486291,3.7451250672808647,320.65936800866467
10.470863408953717,67.27135362307955,11.973854140833264,2.8404220551326027,70.11781736442862,8.321906353492786,300.0
15.899652842408035,76.09009746650325,9.026816901848356,1.370084728558413,77.76565924282096,17.070319991278268,300.0
33.00748167312192,76.73178340562436,8.037904553458244,1.7860770547698395,70.82517524431884,3.202347390719096,300.0
16.5656490435851,71.2076113393104,8.90004633646327,3.174622117482652,83.25399757943029,18.962183138084434,300.0
18.414869809907263,71.43197029645688,9.089469367490713,2.6199138269097895,71.70512532730581,19.753703160896233,300.0
14.994064750395664,74.33123344990463,8.498938008049137,1.7864765922957422,58.376795832304715,3.5942271288514416,300.0
23.43211034380515,86.61482100489856,5.327103687216555,2.0754974636636403,83.48239984843724,7.242905400603266,375.4865208890453
9.492121363193,76.01446911893188,7.6300677912860575,0.9633768994094498,73.8088291268104,8.703211988636411,300.0
17.21980063585918,89.64458000851923,3.1534542474828147,3.075960646471298,73.58603646162862,15.97504463574907,344.9571237726744
24.710574361927176,71.64407013518934,10.930657125017497,8.293683030721192,78.17770509593748,12.726682618101208,300.0
21.898794901611595,79.78237821169778,6.655768453665227,1.4814182117392993,77.85468355313184,13.598582608866213,300.0
18.839240717594624,74.28542564837117,8.063739271662993,2.7601783130895545,79.24320882113231,15.635176810733107,300.0
19.00354588555699,83.85188526750125,6.004021733548236,2.0541151887651097,60.44586962995069,4.123621989866463,300.0
26.330773030041193,67.2610366968687,10.868080341342765,2.500207742839515,79.02116515382224,16.997770224384723,300.0
66.24483121756326,73.36901296875394,7.765316346335169,3.8986958103068305,50.845768164205296,14.701156475242593,300.0
10.022960055381924,80.70590399029345,7.264096602814749,3.9886286433285663,83.38664228572178,12.392151053534665,300.0
67.41573772721006,62.04860316579419,12.052834154842516,4.69895652687614,77.91707087991372,18.01523602609502,300.0
9.657871356215397,78.5454964239514,7.186369670727859,2.05081429155548,64.19863801204073,14.605514369908528,300.0
2.0879880441474206,93.81148215854496,2.0083279894551276,0.8313983666309372,80.60669870861182,5.630599327358457,669.3828291282535
12.365483955020043,80.38234956894186,6.723297749128603,1.0195918382244256,85.6237895732769,9.735416859362001,369.3368161950923
23.736086630080223,71.15623681408124,7.861728470587854,1.3664576690883492,70.36255442214417,10.8927716048432,300.0
57.823706369886416,59.64123833600008,13.184840971627253,5.395545581724303,75.35317133589464,2.9939172815073016,300.0
8.885904570385787,84.0883351819631,6.203757920771527,0.8811901233215512,51.562461459911,19.183475240481002,300.0
26.226445841115385,77.7969438910401,8.413375118899957,3.654174470214924,83.91379818802339,4.314390694343812,300.0
5.81508595421621,86.28084665077822,3.780018811095004,1.2805815716742581,77.36168525510615,14.554302810081083,464.6196284413052
56.53526802325296,57.86444311736561,14.78166422171425,3.901700912643488,67.16324540678777,11.112158649635843,300.0
39.86258139436493,63.852148470107714,11.440140039756962,3.2597842321477213,80.84098586698558,2.4613804979196066,300.0
12.962262709785508,88.32333579786238,3.5925955932027116,1.5649226751851948,91.58326767504796,18.64545456555851,482.7426142645358
43.94670871790005,74.98245725629673,8.081593421400356,2.4094346691230375,75.74343626450096,17.3330625587408,300.0
17.145078359175194,82.49528957088195,5.92194644413701,1.5983143479943518,89.87066319356377,11.43664270226904,379.8934561300167
41.19988271603647,65.23452954560835,12.389583316496571,4.239701812202411,57.804468319851715,6.120962050510014,300.0
18.738400937499605,70.02965420711874,10.201782893117043,3.1288580262143606,81.14677939988165,4.189212032241697,300.0
19.31592913882415,85.6805648549954,4.672239640075793,1.6401695005374763,73.87857595348792,8.54106462977828,370.6631863932503
13.168084870903947,87.41004256652232,4.970501464256465,1.8911566568779066,68.89481532691755,6.597709058829629,389.9783755679915
28.53505869776472,67.01573119025933,10.352627157726586,1.8567248353249237,56.325608281569714,11.120441618113377,300.0
20.358926586700974,67.28607218410302,10.842868650524634,1.490333196834313,80.41624445301883,19.39536733022172,300.0
26.614303523599062,75.27610945910865,9.037921829665805,1.3773488262539582,81.84946495220889,12.349162878133544,300.0
4.572938510064103,74.59916590077785,8.890389669173175,4.769784191027531,89.35626398242961,18.018759006021764,300.0
42.129995331470944,66.16998599470818,10.90362815314134,2.579734259752329,82.23291463899464,13.71581907492399,300.0
48.89141170017827,61.232863454541636,11.712013435205908,2.960904834631454,63.68490106144793,10.554437478569609,300.0
20.29210469574764,73.78826618069259,8.985931159071653,1.6705065435121749,86.53653393344703,17.382936129200683,300.0
63.34979297402154,58.82548760465233,12.4618973035935,3.4400641857052223,81.02865858910336,10.484625983113956,300.0
54.38610626884349,61.27184939678054,12.739382442653556,4.75851690180278,67.46622873239913,17.635307069186496,300.0
28.94541655563905,78.01914313028983,8.270111009292723,1.6035030225592164,73.8780418900596,7.248381852363775,300.0
44.304539021252374,71.81141554102547,9.873601736699657,2.50343524383846,62.91093128336627,4.318635327733786,300.0
37.18313321993053,77.69874014387234,5.814830102966152,3.929061554978383,85.7145066328904,17.39566035853289,300.0
3.47354676139767,68.04355222969807,10.812510460239565,1.0036800675324558,63.836883672069916,12.573472948268002,300.0
15.22250140558457,78.7300945694095,6.8346325451814245,3.222770704266417,80.49536084043623,18.003663168481282,300.0
30.286531881348417,91.94206332343005,1.6670049716096245,3.1446161149716527,68.04955752475631,18.880889725862897,300.0
50.93009093682962,67.81720011961269,10.995616996770785,3.1379899527814925,60.35381098346696,2.965311026686085,300.0
5.447240807516595,87.39959907492472,3.806743362659178,2.3767430398020344,60.27435935381984,11.01744743345963,363.5009843679132
3.725939726968632,87.70834805026229,3.708790085667639,0.4335127010880762,75.46645388921576,8.749361883341527,551.559634884022
17.91797931282885,84.97963341518786,5.106024956345422,2.433410094446332,63.895037071694524,13.265451147262109,300.0
2.2722157230961355,82.83340603737743,5.221490362819669,1.2630882851008236,78.13094272099981,16.284641549641822,404.3973372040851
17.475337848942882,82.68411353518628,5.848550822031156,1.497371050172881,91.26673523326419,7.0506238875386416,419.1271577315123
24.136689077478838,82.28203736305869,5.431327633943156,3.059541830597121,76.13906257632817,12.02237091871709,300.0
8.544973057462018,85.20367415387321,4.501339446877563,4.528313075262739,94.65777856194254,14.757114438288193,376.1698057165977
17.823335979325964,69.13952069644111,11.081170249956052,10.0,66.45004032179773,4.419759491043212,300.0
34.993599423491595,60.64233226647996,13.994959886944233,3.621456852101259,61.186492886482135,16.653204307122802,300.0
12.318795238605036,66.86119670018844,9.679344368889753,1.6533390953667118,66.87304042015474,12.909972797353515,300.0
9.794334514076668,77.68396646784181,8.036336119129972,1.0000357485547615,75.90894497409076,19.09167386804573,300.0
17.242206183093504,82.95812851510058,6.7994966320006895,1.4564874468868967,99.8842072620547,8.11152054435248,444.4691422197706
7.794219961416346,71.44998138839573,10.762574324457617,1.6954687927849401,61.83583458382458,3.9466269620695758,300.0
60.43300142664418,76.0965033548135,8.38413599577026,3.937097390737116,74.4760178494652,11.117021618664655,300.0
19.152615455414654,73.76822320374569,7.898007312556318,5.860137955637893,68.791419657323,3.5445938907698995,300.0
10.645776598180635,75.71588745884763,8.59868885266215,1.4509558424422422,74.35290605081424,19.451477419832123,300.0
21.74546944958168,70.52714075405522,9.128884531142191,2.0223096057791676,63.380000381165715,2.6963292486294477,300.0
17.173647767092383,63.14350661910948,12.011125660704849,1.8261882667225444,83.300197751292,15.563070219931545,300.0
15.807480908105926,80.35686722769387,6.8541766497379,4.413729626738519,75.19755166718801,11.451843166560392,300.0
12.316273369734956,92.99176156136686,1.6922720022493896,2.719967688727486,85.90364095078725,8.635171744969195,579.7886245113342
11.852958128807416,78.89103302340186,6.119202080158486,2.497358788999725,77.76326302697193,3.185158961155784,319.8765439956096
4.674909987859288,66.16646666911214,11.650463098421945,1.047106259048141,59.878147707229225,13.19900463512494,300.0
44.26183276018368,78.50513928569116,8.658732934886133,5.619536097084502,81.19361024974937,12.533965929037194,300.0
27.70394945009148,62.90674720015596,13.359005064331583,1.4634357407496437,55.69140189169915,7.055898915216796,300.0
23.250249484158214,67.2126699375717,11.494858968849508,5.255256078098335,57.64733843112856,18.383990625385618,300.0
16.972955279027055,76.35924446010549,8.663600195103292,2.286603233827572,67.16323258696121,7.473980132171064,300.0
8.418513675309056,81.13067449975358,6.799950764494339,1.4367528690048057,68.56652307113262,10.09505739065791,300.1704658257829
10.122543240299827,71.70372847779942,9.79201069092771,1.8811226224827577,89.00981080238836,11.787724206535803,300.0
5.197775763607469,78.63796087947851,7.839573978519413,2.4616116034654554,75.64392615470561,3.8041738071731497,306.58054119935275
11.153046053823006,85.26762907424441,3.816099834941978,0.5833475120583951,87.51751071969852,18.778910945845382,455.1127695256785
7.4461039650946415,87.17928820614333,4.433158837506555,4.47676521485519,71.73582709796223,8.74165074411874,348.360362983966
52.50740561801046,80.46002213855182,6.448567388820985,3.8092230153379525,72.94670647839415,3.4540258497381853,300.0
33.48889144193806,89.90779310112158,3.4271912312084565,2.514485176967501,77.20704708731915,8.971241126155938,362.0547834156382
19.743797378737497,84.13547914996668,4.91907584488034,1.284759724596822,81.26701914688282,12.803645847666452,370.16789644730056
9.19878807420578,78.2423745084408,7.668932106339118,1.6176679277756323,72.39984621912659,11.245748092783932,300.0
7.7789355812307015,87.16314450111302,3.624609425212239,1.7605860496251082,73.39646566375134,14.501755532670932,433.3426400870248
16.185038635529526,82.17302137222495,5.515242265744722,1.8430959179284658,72.85306899127798,2.998710957222391,361.6391117988466
34.39538066407874,78.48395207411272,6.64891204437408,3.9902806699106397,57.93298138771695,7.1217309848970105,300.0
5.33699495300069,82.24361139091333,6.609953512844785,1.359397968788291,76.40833398763523,16.74615038312184,328.022270730403
27.46310646275882,68.66168376096181,10.436726610445376,7.883072304851286,70.39137573489965,3.4380863802444956,300.0
11.113648743262829,71.33022601390674,9.187925456860343,2.38465474848447,81.51760873520855,17.398747184527238,300.0
12.770902695456757,78.41345579839837,6.896770977854264,3.933634158438006,76.87007513521851,3.6541296573879123,300.0
19.337477105807064,78.93703564349342,7.024092612179854,1.1984946025549739,87.09081466520763,17.020175868050533,300.0
9.459785562910914,74.4833197927059,9.803300004193916,1.4856318218476001,77.17582844244046,8.494191219417079,300.0
15.588637006090732,81.95723544752865,5.025038581746447,1.6009330581740666,70.56585318310401,13.019763138629884,300.0
8.809914934503174,96.70794594672282,1.637759349236223,2.1260298381238263,77.16178775931658,4.751968081663967,642.1086962353079
11.843340756730154,65.4398192792933,11.897550110660372,4.540363779065889,82.70500405438494,3.191036991053255,300.0
31.00617590720448,79.83659712092509,6.014761974267549,1.713462701897828,57.35420694381791,5.886887672362431,300.0
20.056959703445397,77.05967189811554,8.820274666085236,1.1535342502615777,68.51821937512487,4.30136872235652,300.0
30.929510184463904,78.80075220209517,7.497840293339484,5.344956080262008,67.07698284936225,7.6233061582333725,300.0
10.998201556496598,76.13467805388842,7.54892067278672,1.028583199475113,80.01318159242302,11.258898437198363,300.0
27.598165843138446,74.7599244341322,6.9258278611989255,3.589691745125168,78.56985398075678,12.597670344170172,300.0
4.091160340953706,82.13594833305497,6.138001356580967,1.7701685267336822,78.261375499371,16.21762593283537,361.74691876757294
19.33136945411444,75.33402765181275,8.186194314924299,4.544817498904566,52.75655150973152,13.812318078470454,300.0
28.8214301170636,63.49495483528682,11.34377804322483,1.7083375239109773,58.773521833714376,12.957649852331954,300.0
3.924718957331588,79.26524158423142,6.0766946104810176,0.47426121538256927,75.22490576328617,9.412076494743943,393.9721533440567
11.102112099605641,68.22606631251722,11.286119122856531,2.1826567470360807,71.78545837483288,10.528551829282497,300.0
19.32177344892356,82.9747547258793,4.1105258321834395,6.8177047363457675,75.1140673921855,9.46137492902326,300.0
36.06689447534646,59.14092240679879,13.871118735125497,2.875623923592838,68.32938236677874,17.158988541104897,300.0
11.842124801516773,87.62396757931343,3.9753945599801677,1.3839540815297853,89.97246347511381,6.140008145871198,556.006521163705
26.881124684367283,79.52265657106703,7.223505005660408,3.210367140618594,53.28635703372621,2.1029767677553632,300.0
46.10140922660931,75.32479889601711,7.989623026772801,7.636448939827167,73.77243729977694,13.723758150072307,300.0
27.713108353104804,58.58863721953423,14.038407565696843,5.0127802834007325,81.25912740250553,5.644319305498965,300.0
16.02769408121604,75.84511179740002,7.457409525243691,10.0,81.87369201304318,18.022072453576566,300.0
24.210508008168237,85.90219566748186,4.6599041779006845,1.256179703264287,81.41788069078542,17.46283393471981,337.06516724781136
11.570923209493849,75.305533061669,8.622756081964262,0.8180469253075219,84.60840469409433,3.3810926947077062,327.2822293554393
19.874877019104726,69.00302985608725,10.453020878324626,2.8742333727782174,69.54694946766928,3.9149912974533922,300.0
16.619472613001015,73.25035526509407,9.22079371888988,4.266985645895922,65.55772529525723,10.913088660439993,300.0
23.669546534824715,76.24647878122386,7.175503366697397,1.8551063911125836,56.10143296552424,12.966007929848384,300.0
13.585890352095094,72.2001405200366,8.794080177146586,1.2260932016740154,72.66269094406847,6.9483500746803335,300.0
24.591187965432816,86.46047650431913,4.054502627187533,4.322258401867852,67.27752368959138,14.902358900588672,300.0
13.485457860264082,78.51585903081876,6.940188518591011,0.7903402947567958,86.39566064387462,12.708488376539687,333.72417925806553
33.277225832875935,70.23445553318386,11.008714451299642,2.5859733215178555,70.38439313370839,7.846833975473984,300.0
14.557247720162763,68.38665728687955,10.254437899944921,2.137529680531484,66.50676120692756,2.456686784761681,300.0
2.37202465554733,85.35372741801109,3.96724329285057,1.7621478486233912,66.911377216018,15.502705063373318,384.3914558240682
8.003332772867974,83.93259714765996,5.7891175010604865,3.008601398313291,94.66288056812395,5.8655659848514885,455.0458948844262
18.91944211574569,71.5000514850584,10.57729758346145,1.822503710402822,74.92730684771394,17.02052738232731,300.0
52.2165183439132,52.621733737825934,14.783785939242842,4.507856460347316,63.097982078947524,9.565224680976593,300.0
32.44621875487226,78.14792939053517,8.86227214026275,3.3830745405640936,74.21344345671736,12.387393967371777,300.0
1.823323855059735,80.10444162179884,6.963994074592177,1.6776144423405819,94.76250382722667,17.713077147362036,390.6259056929008
4.876443798231604,83.6157517077944,6.288528728656579,2.2898114507464453,73.72540764956926,17.54521401655916,326.6463229124814
39.05950217332799,89.06430579098495,4.81888871103967,2.553697121193306,78.28817105903457,8.68735235438432,300.0
28.71550794826959,75.46793350170822,8.95544961359679,1.6126702204221015,84.33482314373248,5.760000068867177,300.0
70.05084626688232,62.47810488654371,12.418869893545951,3.7565544501643227,50.4335580333185,15.952629399114704,300.0
13.0677004149732,69.94653016751917,10.991981792846742,1.1620920880897643,70.25813316972817,9.795443664838361,300.0
9.29664598724892,77.45536355084484,7.718558632281789,1.8519185593287337,86.11928275534243,5.456755884062074,337.6815743855228
19.661619397040894,78.95906252957613,7.886033603400735,4.653785950675071,68.72102613852131,18.279656161708704,300.0
12.871602810085374,79.59470674657129,7.761664804834116,3.0601666692670273,79.76488817189274,5.565875496339573,300.0
36.73323121570575,87.70641185308156,3.2251454436612645,4.948840762787223,65.62768092552085,2.4645290274421594,300.0
12.529608904967827,83.23617056463462,6.223384050703399,1.4910504523433321,72.07459153264749,2.3650395278135594,378.4470174642796
15.216919713269665,77.57387069102299,7.329862901514973,1.7980701774489363,70.57518779254559,13.201676416176756,300.0
8.23329278764736,74.5361909560498,8.598488857410613,1.412365619455159,82.45903746511539,13.910151092915546,300.0
31.036796136216243,77.30528696029899,7.666578545641243,1.9779123723747614,75.1227016073639,7.59875069102571,300.0
8.689536050541681,72.83223680181956,9.125497240120431,0.5608179210151788,77.55030459751794,7.760197806447141,300.0
24.904181052318247,77.95972880479324,8.565577314852149,3.032879036552835,96.79582998288177,8.110890471078969,300.0
57.841853156848664,73.17410372073203,7.848807324907405,10.0,84.94499869055329,14.242853841659816,300.0
3.385326271001473,79.5236104382081,5.44758850176814,0.534300757300941,59.62500847436576,3.0464082384829148,381.1693050177122
47.47470569857533,66.51327319379229,9.615610211403446,2.4693546966688302,66.85210708624676,18.724094348443863,300.0
22.75898990061535,59.51064744318538,14.351766263420272,4.161952047350046,96.38832458637063,6.005378795194036,300.0
7.125497828132046,89.58308428917408,2.8535552434478446,0.9385469703008056,71.72386504958781,19.994117694357662,460.65920501387393
20.201529725344866,80.78206658238638,6.5117269814831165,4.549804028874125,93.72348441407458,5.087408488169366,300.0
30.4419491120715,78.72370944802252,7.000323151359497,3.9564612252507816,69.56076629937493,15.887836231622794,300.0
9.815666826989549,67.3497346118439,10.17432168354005,6.316270988602719,74.38567184103249,6.021425808733251,300.0
25.877501394828627,87.34565929105815,4.899295359691841,2.3455073669567614,81.85451702299801,3.4552424295785715,400.4232881343735
49.99078482553627,67.28029240543738,10.804598823613633,4.66877955144785,69.65351770109905,17.74879983831168,300.0
12.517051830891056,76.93588617560809,7.497849879833263,1.8762868539175175,80.53806398153492,17.457522665436052,300.0
8.147766124862127,71.65319660917973,9.635231509798956,2.399077534748875,90.91637337503943,9.264267064092824,300.0
17.000291805700712,63.964369952027056,12.588494350528222,2.04423059975241,82.24316463492681,14.643130565727683,300.0
19.438411704822528,86.98231991872757,3.572045698929919,1.389988326661584,76.32202743362392,12.027186788310509,408.6821201036082
37.96214542511795,83.94110696165504,6.051299023981617,3.316243431587118,87.33141976169065,17.35321004612748,300.0
16.590020045859617,77.02597037908426,8.81789268945726,2.3335305521092566,83.36568427599695,7.6710074477357795,300.0
13.42069832628519,73.61236980976645,7.65497883506891,3.9988637495143498,69.34900678318108,11.426103199981734,300.0
7.972159077991848,77.22977164976773,7.812715300046356,3.0585925809425984,94.58885323929738,10.736702681681908,304.91201080885935
3.9569972071379693,78.33254069414525,6.978548665399055,2.3778981491608544,83.15174074738091,8.370304872623457,340.95061166718773
6.007230564000874,71.07953149848302,10.19954063174844,0.5410551317893857,75.13982449557112,18.0461911620147,300.0
5.974453531672137,78.34757849948141,6.2441464634847135,2.849060956067901,58.88047370897565,4.985802643925639,300.0
15.33985703951912,79.8500473947804,8.019801448921392,2.1545082111471316,63.264834023490124,4.69115551137253,300.0
4.740617286376119,89.10232217818726,2.346243428794323,4.727542156108496,92.55412160064301,12.384371635809524,490.3613021445484
17.934640620745615,78.16833237554566,7.081797789663552,5.944965272933583,90.93079117462221,13.834896139728956,300.0
57.03717246109247,56.84100838736417,14.733767398341564,2.9653307621734015,70.17598074943528,5.503146577842173,300.0
38.67656025825846,76.31953964877255,7.344417306194624,5.37056605144076,56.23031837748185,9.032913960583233,300.0
15.228681408732463,76.60224559672083,7.124530228994091,0.838286700058207,65.89692050583469,19.038149173617388,300.0
80.5189906982321,75.24909959825987,8.428088643217794,4.941055262573228,51.27223622681899,6.439113608432132,300.0
19.48749020895893,89.14841457038109,3.679403079199167,2.537457066565083,60.09987512943231,14.030492638113094,301.4049347029085
21.505918588405656,88.98433240868916,3.6766397326357345,1.3958700642194755,92.9793335321713,15.322689086556634,466.3345507375949
16.762978840111632,73.81944117218922,9.413803751776095,3.581463458719176,93.98881434971351,10.066316590372871,300.0
18.222738200888454,93.909838182505,1.7144757844225835,0.9279165107012554,65.1429648877766,18.875467761672493,452.63260655866634
12.182935912611635,82.1272941383911,6.213242740372306,0.9784330108901402,76.05794483002985,15.25982123393823,329.5480955553655
15.395232216804118,91.62409215765216,2.3866870341619624,2.5085607781031367,64.09154972809316,10.242642437496162,408.00884165947997
47.677338047078244,67.49002871898871,10.157193505006903,4.890105900704715,70.6752568744375,12.248033631969692,300.0
41.391693193273966,70.50505359660272,9.603841898340411,7.038832503836174,86.50898097133077,14.467041981651812,300.0
2.2523137154746435,83.69670980397227,5.035417915587672,2.557545500397883,87.33462439990593,12.659423247725929,436.8287296923981
5.284136020760478,82.05251095234422,5.623453308288368,2.4923446818213577,84.44934448636151,17.81655650886937,358.96295069688193
9.928764355058274,89.85416738964054,4.3142061376948835,1.4993150161544875,74.72706771137547,8.423995921047222,473.1928513478857
34.590847052187165,72.53297910013119,8.95239087006116,1.7321128548259104,84.1330769861392,7.3979433210044885,300.0
41.98624930746102,82.07994507484143,5.44302630389563,2.355341192820894,77.48608132313082,5.849100010914757,300.0
30.364507254035914,81.17768446117333,6.296568198847283,3.0477460900757256,77.0445641437361,2.6800934251627124,300.0
7.099914285164091,78.7308811084067,7.1730886485004905,2.6036553648288168,75.86032881342732,2.774251358840996,301.8919482967675
12.378308066701468,84.51418516518417,4.212433294596686,1.699590032280863,78.97261024562677,17.66099347596709,374.010503960949
26.18285830121243,72.45365079906887,8.943391382771303,3.932845605185099,76.63083545564207,14.211076635306332,300.0
15.571954906703457,97.375816320571,0.6037804338641206,2.254310751135364,70.75532195832614,13.88958347785675,555.9949971892477
13.999666716572188,57.605414753758545,13.993812996447039,0.854126012749633,68.88980118896878,13.063570740827949,300.0
14.15650210078985,84.26911517378655,5.824050973834874,1.1342517715342875,66.868362041908,17.28594460449389,300.0
39.40867914221526,59.21332331449627,13.704896392098217,5.635574675279984,63.656930122525374,10.644804661981293,300.0
27.999093586867836,74.03494578514452,9.637367949526759,3.9812885726189307,72.07121008206437,17.667394914049407,300.0
14.748813380322254,78.07039634055914,7.300539601769234,5.240502076537636,72.57751390199142,8.470010471280304,300.0
23.486437972443174,88.89405211737197,5.122852451846728,1.424444626230307,68.85443058471051,18.68073507810363,300.0
6.259942349202855,75.08559498656025,7.936181660161261,9.568347100699068,70.77197537500308,14.575825641462322,300.0
12.396990017412604,89.73675752146345,2.805430921246752,1.0897927416238802,78.73137173243497,6.629188448439691,558.021467873483
36.97985440882894,64.43389890825925,12.293209170401827,1.8726923379797888,84.8154888632444,12.153528590395252,300.0
4.453556312627099,91.79357540126097,3.8267404162183585,10.0,77.19772542344488,11.5945501067886,300.0
28.230830271922088,71.99445380494936,8.2321394213487,2.0715348894747776,73.04239825884476,4.482178791146011,300.0
2.2239459520202667,82.0982080444845,5.809671466600384,2.3165551049760578,69.21642787277663,12.642372303511054,320.163504661802
52.761408501651374,67.70146082475347,10.27755416901348,3.026896711645085,68.04216041863592,7.666141226905243,300.0
12.16758090687048,89.58203999341333,3.586934145922553,2.3444687254989915,86.85188992945373,2.9422778025728435,552.4761267140806
24.668173444593762,85.27492058805935,4.916374142779742,5.920951864578695,83.6009239148917,19.07581083871817,300.0
20.271210674406582,81.08834741630675,7.380189192666595,1.785418411715718,83.63508209730803,13.54682664315718,300.0
20.79640217041435,68.20984444581465,10.509994683761956,3.258685198943399,83.26735913741642,17.784540773675246,300.0
23.19575111892329,71.17675980959493,10.707574009311209,1.5760599816697414,78.41523033224503,14.169008090238556,300.0
3.694363561532092,72.95862781241394,8.761710460380407,2.1452857748414464,81.02070993711715,8.425706458522033,300.0
21.099801912526708,59.37290048490682,14.283552005115233,1.8752932962343212,77.00178265328395,11.228385301918605,300.0
16.264120384964016,88.51243833010828,4.012117645806615,1.2877119103698653,71.77241442178277,14.163441686249188,392.206336961769
12.220651644607166,76.68886842744486,9.15428550979847,1.362404613476415,76.8841968408485,19.284541853625875,300.0
9.92438770334932,77.10868299092478,6.4488271127735315,0.8902965960637101,78.41573899785041,6.566050264190537,353.22951962056084
21.472309763298895,89.24490971947873,2.6539439192992313,5.717479736237677,80.44167096534963,17.749587055234116,300.0
8.236388070913325,76.38008580530813,9.338602559290667,1.4241155192453667,77.63085017276944,18.63340049529685,300.0
36.55363948112051,67.23443182866605,10.335243982322236,2.3904970511386856,91.4274065065837,14.067479263861218,300.0
25.89668601420531,74.50476411275496,7.962569275954325,2.48472699711784,63.191187324348,18.76279929322408,300.0
22.38775246793985,68.01334204203806,9.961640450920763,1.8922901682451834,81.39611842774532,9.161814574592633,300.0
35.56896911477316,76.92967294905355,8.608865782209127,4.506882230187074,72.25746127303253,19.15429116872797,300.0
3.120473263922332,78.32419925582373,6.222500824145325,7.25216669493613,77.51524554955053,14.650091788987547,300.0
6.074101618457447,76.60552635918886,7.81611821009251,1.4563317174111254,69.73970271643411,2.7561038135386142,300.0
26.67007554754123,71.38135800337851,9.327049874782734,5.280547101967469,83.13757807310698,18.32371097274295,300.0
10.403176562135886,78.86152920559402,7.875369398272206,2.1889494199676554,82.27909732457002,10.720510562597466,300.0
11.496265100872126,80.13867068196694,6.1694969761457035,0.9169490857137395,83.7422968061024,10.285885726000991,373.2191515260932
5.289147890127442,76.67658675691179,8.106689144320024,2.610845089232129,78.69383645985157,12.196398907633418,300.0
8.25619658938638,77.31350926157383,6.6251906407735754,1.853577320194269,73.80151717983001,4.688921841882102,300.0
37.07978040840466,73.19026569559618,10.7557309324097,3.9571021230704466,71.80297900183919,10.444988874213175,300.0
26.250425767419948,74.7655612468513,8.219805724659931,5.721395766977709,77.92762698538776,16.96028990091942,300.0
21.307602028700966,77.5609352886859,7.486699025012994,2.226569732515503,56.717674139417184,2.278684264475276,300.0
11.854779227545977,73.97858214395578,9.997609439095175,5.221601389813346,84.04217892404722,6.912508885838683,300.0
20.383751766054704,85.55231788447989,4.3465558190625355,3.797135598879197,96.7421725672394,2.044182555989196,442.7371556732669
39.18299635119068,74.15436622201419,9.949117133679497,3.300375514188628,76.40956596990269,9.48280356469727,300.0
10.613384880987972,75.63428130358363,7.792729292828421,2.379426625161039,73.84365264998185,15.109679188887224,300.0
18.192701917657615,80.7526793171436,6.9531321080091395,1.6974428878708296,73.78397742023793,16.377892924063314,300.0
54.81812004215981,69.34506480017512,9.76016642114752,10.0,76.10916315208354,19.013415700286117,300.0
30.102213337399178,61.506902229902835,11.7462034339166,3.7064464451079466,71.12407002955406,12.953083033474158,300.0
11.98823196893267,82.09021048860782,6.301605317563218,0.689085963701701,83.9838426467127,6.583283599752118,446.2154774493704
28.51620774706944,67.57038467657122,11.321794495263084,2.2167069930586725,72.11930238376739,18.63466308446058,300.0
4.382484268907229,88.51127572669087,2.7768661639087195,2.1718131761287967,92.73427855928296,15.95568356984677,541.343968318621
17.668068415762512,76.17902783738467,7.694677399078142,0.9993678681662853,90.49315496183532,12.339712694056601,300.0
28.495591830790907,81.9715321763545,6.970096443778026,1.4731276778852613,70.71813421391289,14.521523882940848,300.0
24.357891032650304,71.59951554723607,9.9469233115586,2.4136566988236066,73.58110181445325,18.637694390133724,300.0
28.31328079509868,76.33051236220341,7.573657211171624,2.224665725155982,73.51568812383013,14.82309251251259,300.0
32.53550926322391,84.52413596614576,4.680600783310514,2.780345265790517,73.00297667864275,8.630741136525213,300.0
25.669327362256947,74.20061560898489,10.158390257112858,1.892969048548566,65.58673949011538,14.834507641203741,300.0
25.173104033635354,71.73538032271378,8.263994236586454,1.6186263689548626,64.40268823648553,2.7250069292369816,300.0
21.650429741251635,82.47723036717896,5.7935643514134645,3.419368343054545,85.96425368274384,8.955480112950461,300.0
7.449743143523713,85.44634928243246,3.6794594069006896,1.81793212207474,86.65462165630895,9.313814573220426,506.2040678750617
37.069225262587956,69.4547773749121,11.233592590904726,2.3001339310439937,82.05630263820724,5.003088219575024,300.0
18.13143897159572,62.127395262906845,12.618502689264382,1.6766897047897649,74.61987885179768,2.415538649931863,300.0
29.611685652194883,70.60524533653027,9.940790822305457,3.272619084261141,90.55035308207803,4.4008622594793705,300.0
34.64457879798486,79.7970688379347,8.949424235057187,1.8821703784506094,72.56509239023116,13.783186924346992,300.0
12.466573995865014,73.0570802055199,8.506195124237587,0.9423826002896236,83.8598994657179,16.441198694546376,300.0
13.337371755743856,78.97827551760679,8.406102225377897,0.819001975027395,63.46579610582357,19.787662869085533,300.0
14.753184654399181,73.49441987230142,8.522607844372976,4.083664597313292,73.68340431835946,8.234543055952898,300.0
41.616780815867656,57.38697092030072,14.017533060498508,4.87279510020762,70.3190933774555,12.788826000699832,300.0
8.91765611437925,74.63426623851714,10.565784792457432,3.245152158268147,76.03696374064859,18.868609402672195,300.0
46.236573041865185,77.21301009630736,7.4667909994215425,4.831683198321377,59.09902333175906,5.006752064086747,300.0
21.48295393740247,58.31173029324496,12.796592778815482,3.2877517049389455,81.07648525980795,14.917620554169368,300.0
22.558150143025205,79.05454577233905,7.207353106388031,2.42422422088879,83.83777028027662,15.589617196684937,300.0
33.6503480855677,65.1083695699798,11.492354016539798,3.7385165795456112,66.2217132850586,3.6015596456480905,300.0
19.81359985722061,82.508544587205,6.124161810985423,1.0689134639382993,64.66588637452494,17.50248893329517,300.0
37.3359596966351,79.5006403537295,6.726241647427953,3.8096884146301218,65.44313142145944,16.63589084799519,300.0
12.453595447435038,77.88462552227408,9.144227185539119,3.631734118024364,80.55544870514636,2.60125411839382,300.0
45.30173776389519,70.67627242169328,10.21996453050432,3.6528152047864513,65.79930914124053,3.639519467840927,300.0
13.217549261886699,72.64123758529452,8.259615769387839,1.5456958772178688,74.7747803639896,2.8842840900533417,300.0
46.39699901881115,61.02799301502182,13.09030643661181,2.969722868974456,61.343303444854065,8.02538357238852,300.0
13.494234198786415,92.61601172693685,1.821625565020753,2.73364204900286,93.75344251969521,11.167201832238671,579.4520174913376
15.075365868106257,71.76284809164761,9.214212895448432,3.114288652417912,76.36148277324912,11.582259103183318,300.0
8.03402280390946,92.7748840327117,1.680019420642643,4.4970846247966065,87.10633454245324,6.818001675849968,555.8745803744957
10.018898969330019,72.91984190834599,10.71241418244949,1.339061349860894,80.89969366275002,18.408743958084933,300.0
18.196779715284933,82.19823158533914,5.380815112744374,3.847211969494711,74.85756254802163,8.628730217694438,300.0
22.05298718294774,68.04588554252241,11.201422967421172,2.750782815202833,73.81309099855433,2.8199028073763452,300.0
35.6032385389084,78.35444765665628,6.956400576946606,6.068531535402302,66.09632112942367,7.404088007744955,300.0
15.893003588526998,75.89884035329908,7.106989344175409,2.2954067733519485,71.52588110376742,11.559969605794798,300.0
24.39399550391776,74.13319170373273,8.780388874408695,2.6777867128159683,65.2346796900258,9.347992806588177,300.0
21.03444141240333,82.25260824754687,6.236350720486274,2.776639532925021,64.757040040743,6.929165343786665,300.0
26.235566354953022,72.47504448127755,9.621886399111094,4.078897367279702,92.80604380471921,4.363818495757713,300.0
11.238874629184107,68.10225961801872,8.534804803694339,7.249148991134936,78.78838009135987,16.744961001732136,300.0
12.311140096259463,85.38199368609854,3.8847922003652138,0.7683762363171361,89.30878416089762,19.930614358235452,453.0267657735431
11.242312427289573,70.35948654613766,10.646214926504955,0.6719460545122145,69.13109282258236,7.931758403429877,300.0
40.07994639308982,77.31455006870353,6.8229310736784585,7.5507862101841585,60.687575708853835,8.86917879517887,300.0
45.57757407625132,79.75690606588871,6.910053218285184,3.7883946892694778,62.327359989932646,13.124675444185227,300.0
11.904225356338491,76.37711933078779,6.867873800221041,2.5037314002222306,72.37971923074196,14.931946545239743,300.0
12.092713913291666,88.79842569181011,4.319138984456716,1.9218319656049332,76.47859229944169,9.056531626464643,461.97458409978253
28.71823817187176,79.53625726507849,7.566263255103629,1.6325878221266994,72.2978347226233,18.288731305672673,300.0
48.7968012487379,65.69781236411947,12.019590470231403,5.362646529134826,63.68576109630966,12.08007180612053,300.0
55.52373645120116,80.99620999886433,7.160642116928101,5.526695042450218,70.4248746161797,10.107021375306758,300.0
11.4837006877541,70.34021127477898,11.137716357659967,1.3212556648605762,77.8199200176964,13.640109556878292,300.0
13.854898843800086,75.93831881513546,7.081301089667667,1.4240011655263571,82.20625302139419,19.150469268485118,300.0
22.851060865292695,75.32224818068099,7.5949797281852485,4.780913628409084,87.77023159731893,16.3019412995907,300.0
23.61922947855195,81.64555912286461,6.836181815288166,1.3311786665927716,71.1460714726369,2.720236349632238,300.0
16.35197315711537,87.32603228448369,5.128831722642088,5.07663021007553,86.45052936914438,7.981578393319273,336.4449961058797
9.746201241801321,88.27816818202541,3.3678029098006563,1.0805180781124761,77.0955081545817,10.46980432912201,509.5019148929508
18.217714186215233,79.7820894356271,6.144194669197166,2.708694948189719,61.48547198530768,7.661316299763895,300.0
55.48644962991407,67.55082824571036,10.294619792818807,8.271884974818153,85.69046984907543,14.603376094948217,300.0
12.45022791141249,64.65307592646822,10.498232053275437,2.889679886326661,96.54929379038533,16.87284469752646,300.0
21.894167163778334,66.67011638832705,10.092832258151724,2.16504681198579,80.25174322789721,15.164211713334888,300.0
78.84981107436437,78.78628547797132,6.073404057985438,6.281853668291387,66.94459301861752,19.807999162908956,300.0
12.312467075034226,64.60268134347216,11.563827439798109,1.458750250390095,73.6744843972644,6.905857662074524,300.0
29.618948591388808,69.20790616395757,10.480700491347973,2.1303545156700747,69.345625985932,17.749810910439585,300.0
56.972501665458964,78.62289988999974,7.47247830198065,10.0,80.3144360285088,15.799207973140751,300.0
27.955318801233076,77.52753625730766,7.083971444943569,4.1766865242896625,73.61524303738148,8.51921763604663,300.0
38.2812979329922,81.00247502278725,5.94531863271288,3.9837629053202415,87.28726348525409,15.214241785825436,300.0
32.27028789805128,79.24316347259413,7.017874705256298,2.4914226394994134,73.4372185532548,3.8733672155284453,300.0
26.490491777840756,87.92875210776212,2.826937651693084,1.4253452820304306,70.27930599251322,16.208002682129944,329.1650619050698
44.634207314174816,74.54389268340063,9.252921531199595,2.294809094534222,65.85716472226818,11.581950846567848,300.0
29.006483298530064,80.92615550753547,7.38625638736626,3.0660097887614164,66.91958273757001,7.261223108766557,300.0
16.47522861368672,72.5814774485222,8.639043007008837,3.695005626923782,80.1200281456014,13.803991432115243,300.0
20.743762995486335,82.12703594561809,5.638905757314946,2.5788832423500896,63.201995356954946,13.549159976859363,300.0
24.170353696932953,73.51351340276092,9.823478645622496,4.88351816632914,66.97340959543376,5.770752008952795,300.0
13.791856543870962,75.3409446165027,8.121243855040515,0.7575887669305039,87.81556515098899,2.5471534666074707,343.8251116236873
21.40119831575147,84.44952448771178,5.654088194190709,1.9838464539964722,66.16287645521699,9.80520656423013,300.0
19.30832568482784,84.96515535781279,4.93777056568845,1.506595299745205,82.83209544518598,12.251213648199581,380.7854026914165
28.947397653292512,89.1391097622447,4.865342656702652,2.633151907926571,55.05478404849878,17.778895010670773,300.0
66.56551982571513,80.34169112223228,6.944833328523771,3.478534440459046,81.02995540572451,18.7079023216567,300.0
22.285408272454315,84.43573147093025,5.62621412722527,7.278229930581913,63.189102207883934,11.518493926821796,300.0
49.57738626623035,57.329410139535625,14.676575184474995,2.9841566816187965,62.63984836879262,15.568462707833808,300.0
28.264804454806594,90.40319088354012,2.7548453830911233,6.523240417119801,79.84736253365594,9.907458901903944,300.0
21.334070789097513,84.65024579172945,4.745993426552157,2.1765830573220546,77.19756258950781,15.429478818312074,300.0
13.207445759772938,72.96748121215953,9.626236107594805,9.130917045137297,84.03777006088733,5.686427448905005,300.0
21.445992592397754,83.11315487417475,5.730078638821976,2.6874341099201615,63.242737447822165,8.679165226463565,300.0
20.54295204451295,69.18242462250532,9.330436319582141,6.369606492229896,72.3013085093212,13.416103978645067,300.0
10.642062748052467,84.6077871563064,6.629221154264358,0.5428298289112289,70.8139867048982,2.3268433809274187,443.8273011797175
12.024320433488857,68.82448917603965,11.174294435157796,3.3597645903619604,66.16865275160487,15.004303586101171,300.0
24.30920787528814,70.18622699714352,9.968025393361508,5.882593661372819,79.68069594539007,17.039639022827004,300.0
49.26546517393244,76.84103069533907,7.500855649447004,2.764269299482318,79.0616432433713,9.184549899691126,300.0
17.782680351333234,86.67090426664984,4.601972597140786,1.091264307165354,72.26480210193522,10.062963509188958,391.9377852318389
5.049137801858558,83.4926845590616,5.9164545596387415,1.3577413349706342,90.91103102338674,17.323079819897558,435.9242577002339
1.8592854185343497,79.30160811441868,5.2730633733244,5.519458819961764,70.61380519931475,15.9617834358686,300.0
7.901638181061789,63.34270924003047,13.908976687578447,1.9585428473223758,90.2649601900741,7.18669080260075,300.0
30.113572524627855,73.702845247371,8.133810803542797,3.0049294182744477,78.50711565913022,7.831569918107702,300.0
6.069400976147385,84.9326123998438,5.020938026994393,0.6077364241734856,66.0414851843028,14.21980818303074,391.74729932525895
33.3040017671709,72.13899876373722,9.31489391831091,1.6667797342010262,90.80211813866839,12.137565664066901,300.0
29.03382659583047,75.43193462016195,9.786835301563762,4.7746289267684645,69.60862821190618,4.920132279736945,300.0
17.344188145946628,76.69933886454838,7.6963879723451845,1.0505072267489297,86.20843143463806,7.578738366124996,300.0
10.719397873003027,77.06808272536786,8.914778260360283,2.545393290488941,77.66693241641623,18.199698983815775,300.0
15.560931785690808,79.18361412682651,7.264177266626721,5.699250334432335,78.99983125221286,14.387139861000742,300.0
23.901631096019802,74.56008450165595,7.710463943016591,1.6631162523889471,82.48961636002781,19.747537718339352,300.0
6.257134382891554,92.1697468648194,2.717850352875776,2.501735750182129,84.63809050278729,15.80622553965385,548.089478223713
46.156249488612666,54.19427432543536,15.17376824748295,2.47174851041936,67.96124350859695,18.955539778584622,300.0
23.751634811431103,72.40789965371653,8.330110394171108,3.039027610908685,79.18624514173268,5.891394329668557,300.0
25.628346727987182,69.39971393170501,10.486273571676124,1.6395073278625203,78.22914662908845,15.886727746704663,300.0
28.89688016517681,77.39557116393638,7.552491811901091,4.108104576591222,75.55151877242669,2.3639153626603537,300.0
43.3517112466476,73.07978181280254,9.418543426765988,2.8844565330232053,69.6313945085353,14.07368039080761,300.0
21.48244969182619,90.25140588019367,3.4042135969474274,2.31909365513002,76.64571604497431,10.447081006164344,403.83631215073126
30.125739091515676,90.98147378624891,2.4852930869724394,3.3360231533055478,91.15300585203539,8.241681294561236,433.8723353916033
10.866522528080875,73.42469739925836,9.473101394079464,0.9190560984949305,73.67877545176044,17.523278341275603,300.0
55.66692279572074,69.75727750521047,9.581388874060314,5.49013188911452,80.47324835887976,17.37681846783555,300.0
20.472178542442833,79.06655605605742,4.498078229754243,1.7445169086124859,69.3164454033854,2.4014306881755845,300.0
10.82220076410614,73.23660584519796,9.024053743297388,2.7127303709953696,68.40883792447939,12.971092204089757,300.0
13.2101600279218,84.12082108215819,4.849800657493412,1.00513097335996,100.0,8.620980037777215,543.936994599742
2.923016675019889,79.44087738137605,7.158745276391956,2.476409384027895,82.3857652716502,9.481898027008086,340.7476866583009
13.143838343065902,70.56727675971767,11.410005135512549,0.9315550334811105,81.10004540014664,16.97673330593797,300.0
1.2737091232090405,79.48323755876166,8.46111256826456,1.1716963041069657,83.12999357802646,7.577115887498209,374.6281990497889
31.592548032185764,67.06824285099394,10.845154045224549,2.1475549194907844,85.89081515398344,18.97487859147716,300.0
25.103781209298937,84.77034276930829,4.415340273233727,4.01482183304925,77.86872295016494,5.233408874698534,300.0
8.326963116725652,95.38054215522972,2.007565907124431,1.0240659300116994,84.06095238550587,13.9290036206272,630.4743619635353
18.02236391314175,79.99363493026513,6.372607883085206,5.170473817931921,65.73353090872004,14.097891206247764,300.0
18.617489860693887,78.79436637507355,7.381965759519704,5.378795946539461,84.02668835609599,6.539512905702527,300.0
6.8917420168699,81.7032948912821,5.570213093124483,0.7819972209124852,74.79939367513165,7.845510961409635,394.8945083523876
15.807547260100831,87.98021183428433,4.2071499880567576,2.6934151288878314,81.63855025071173,17.026372866438926,358.59957228746237
19.036411920770767,87.09758140620791,3.651226876095916,1.1354320629341568,59.672458619632124,15.712494589189143,315.93009825229393
15.489142413138472,77.6671601207237,8.391682692583942,1.7680957953687848,81.31224496931524,7.923725845665672,300.0
10.813344067877456,81.6417837240997,5.647423272698012,3.039456604869855,56.16493119684492,11.61121784482881,300.0
8.053671281734346,85.44936357543507,5.379094170109617,2.5569130955367507,74.27271007381425,3.110245332555718,422.09680083362554
15.083475515695211,69.58013573414118,9.128140928737858,2.71423648878499,60.351514354549266,5.757425883175326,300.0
11.899845909288185,89.08289979932024,4.263972485515138,1.2590708670841653,81.87635364986151,10.744770059487184,497.08180865028214
27.63336183669068,89.79931552574587,2.62712090267015,2.331378689191178,74.44242465507928,3.5475272350258087,427.3042990784241
45.055646257108435,81.40801466215181,6.406269891529003,2.470061071600521,64.26856643407125,17.179982388054874,300.0
34.36368756365291,64.47523744307992,12.66014829765175,4.257148027090048,85.71911927076552,14.924111781937661,300.0
19.493282701518012,61.95147416231504,12.522855627049564,2.376574489813269,66.97000914577185,18.985406071672905,300.0
11.149519533889595,85.21685509068774,4.104381441174005,3.0247298743594606,49.01082757750576,14.482404307352489,300.0
33.76304106960544,68.49061537299012,10.90057821471203,2.260700913562706,77.52225914434555,18.92722470071934,300.0
28.759042968082138,77.97007738000582,6.6705224208088225,2.2223735091378147,57.750755080062135,11.98122600243737,300.0
43.07058428389767,84.8056612176029,4.741383114774582,2.967107194081486,63.71832557031777,12.803934999115448,300.0
21.498634755510434,72.01465894260042,9.540817146729776,1.1270908256276055,70.08308563021994,19.585478983272697,300.0
53.84784065655292,67.13303780428669,12.044194894123937,3.5266008163834477,57.07087925425296,13.558324643556686,300.0
21.50330641170499,79.48305637013144,6.860223892995763,4.327362930771233,70.29495576372025,2.5541582394934386,300.0
11.106152550240818,69.17656931908917,10.292762901513044,5.1071646577563605,63.650540132169866,15.02844997934942,300.0
12.80529891733149,73.11998467014006,9.550015424851596,2.100793354951544,77.5046538285977,18.298436458473482,300.0
26.759892590826166,76.3116836600284,7.9364029639956,2.5537755294697786,62.89130880960637,16.32044449629788,300.0
11.874351322726646,76.98400375845812,8.180422907046946,0.6563369489646187,76.45416489062913,12.508998907257608,300.0
53.61503927323927,75.07195339028117,9.172175706756637,6.9080617662416905,80.379813447455,14.083463235683293,300.0
25.285095330490577,98.0,0.5,1.2904459416273457,81.21259063305588,19.823452206530092,534.4286301372413
19.190722119779977,78.57114784899339,4.522942209871439,6.751312886696734,74.3499954527588,3.63191759316809,300.0
20.3551006573107,70.78818228708758,9.082930896102434,2.3613729640734706,66.01209903562503,14.010406915398312,300.0
15.366420878958651,89.96531024468962,4.311842193771703,1.6052226414962782,77.09163091145943,7.101158502270689,467.38458376035493
3.8906922460566262,68.43349990330577,10.495154873779953,5.354335051586149,71.11892404288774,13.521627138551061,300.0
12.812732658928496,68.06993344680286,10.37205130099006,0.6900233940034558,77.85220122947446,12.937224365910899,300.0
49.48660993277361,66.35211830560802,12.149388559359894,4.216128381590083,55.10344155300696,4.762222977946918,300.0
21.904256336374907,74.91796984184052,8.279616786402578,2.687489491992488,81.94371105656455,5.721439623324304,300.0
36.93868755450916,68.92090684587032,8.685671153443902,2.3421152940150525,72.72214593394196,13.189332404777844,300.0
37.62299747759492,73.47084195954494,7.6388110313450115,3.001487765403498,92.19720049844332,4.3081390514679345,300.0
18.145468339325546,80.20593218731915,6.932941020880476,3.019896866743023,86.9967329056857,6.773255752345811,300.0
29.072758275528614,84.15566946158481,5.227930759529284,4.051166261714958,78.69876868646021,17.034419859284043,300.0
4.350494277825704,81.7723974496286,7.239592699853844,0.2189589454365714,76.19548909495802,7.887647108029495,421.3348326997717
46.979933789811135,67.16884458468074,10.357103524729746,7.873590185940185,64.35057065821334,10.785082812853933,300.0
44.583712762943875,80.30874628366765,6.316150629174416,2.588696236792393,79.75812674086562,18.940526032625126,300.0
26.262642859438397,69.68049476508251,9.39889928652448,1.8451831893559478,71.95937544920683,6.088683599065034,300.0
22.459452730973176,63.99809843368731,11.5841585132932,1.7345926145542454,85.11036378688873,9.013268312444186,300.0
18.319703768466205,87.61731331417377,2.6140391076058433,0.993092943526683,78.82345290834763,12.916239959783821,437.8625145840091
39.71072235587874,82.39846704019445,5.558629922028092,2.2481515624832684,75.67936579186606,15.5961007310715,300.0
31.31972064136226,68.77127432126746,10.36808013522826,10.0,78.61677704650731,18.229760960828692,300.0
14.139752128838754,75.69646370108806,7.992114092331432,1.464293397875653,67.56639473473618,18.478513776323272,300.0
7.167416591564565,73.08774798721636,10.690393281914126,0.6033866434439422,67.6896613164027,15.979521338707213,300.0
5.976993707448164,83.29805512488248,7.0341026201140915,0.525167509842098,67.55706590861375,6.109955058679588,413.27957254552894
39.44234768016931,87.1790778413074,3.6729211427953303,4.514195076905436,81.47512008185852,2.4465679407661844,300.0
18.032919984577063,83.65581199215403,3.812913313559914,4.7577484422467045,66.74756771464719,8.907930746401227,300.0
25.972273588956245,84.57189695109389,5.0633407339567915,1.892603752389991,66.67772158789853,4.54787931778082,300.0
19.73604842542652,84.21589599993426,5.5625761105584095,1.0290648453835773,79.8412468789443,14.786977653889366,347.0281629556708
6.052053368056615,80.6675950705548,5.755747717775466,0.807464246765016,74.7877498730778,13.900350562862902,363.3823278627367
4.453804777616795,89.68688645221484,2.7889240087878098,0.339041328334912,73.87778110452987,2.791489549186187,598.547200923478
13.407171159795839,85.01066684814731,6.262488359400923,0.8886381579415432,71.75392960658834,17.05868802435712,320.6183061319846
14.296877091816352,90.37025276102548,3.0038744894085956,1.84438035224473,54.88878333565541,6.4773787932412805,410.2585845860159
14.289952240018897,75.17981897790179,8.803193822589328,1.2370151277714627,67.118573430321,9.78008735883876,300.0
14.608105923247436,64.88132358052246,10.961980914875623,2.1815224107395093,86.4068523434517,14.022807238203363,300.0
63.84475082767456,76.31616293689622,7.849059987388092,3.7769401293769915,63.53270446204306,9.72953816334056,300.0
36.57776314808541,76.75104827226967,7.480579893002499,7.473700302031448,55.37292817362753,9.94318045039898,300.0
22.122906238503916,74.76459182495925,7.871504133970951,5.833874488745108,65.573615914408,3.1813039160433267,300.0
17.70539685160378,76.18359019418725,8.863043597821605,2.558409556133289,78.54687615505439,9.22598388668007,300.0
18.16271843631679,98.0,0.5,1.7833605718698626,78.29990371740412,15.767262077959703,590.3378095772783
30.572245011385306,70.13654887722106,10.194529168002012,2.488386897943848,70.72963773524005,18.47317406935876,300.0
17.585442900015032,71.30477610738602,9.28097730647893,1.9408264319842374,69.12334714123244,9.442948467140692,300.0
34.19351242390532,75.15970113468765,8.611959207399481,4.310491216509941,60.215209264609804,9.62454488382342,300.0
23.812057718924848,86.20527432562022,4.324980585685239,2.3922457691955636,77.70585666986935,14.647287913825737,315.32633615385686
64.20603337989552,86.10188854865682,5.326458266649546,7.096349556389326,75.87392875202578,18.96989601989498,300.0
16.82372282076273,83.55770068654877,4.729004359215356,6.609381397482467,87.0403615953522,6.807096924308484,300.0
38.269814351205,63.417370890899456,13.120252256373764,2.7322747945299186,62.22824161910886,9.922595717682864,300.0
7.75867884353803,96.06000482016402,1.2902895708724544,2.0330542737085215,89.08990499712499,16.32751838394142,624.3717575122761
11.375527123901438,79.3416344401249,5.823319830079599,0.7685419739387473,75.74816214603467,12.974484248732693,323.8025623166941
58.92989286671121,62.333748114163775,13.099589660001001,3.3939547092733764,69.36366374063208,3.990554191351185,300.0
33.25599868223857,66.04854063311268,11.158073327481652,2.729848421734663,81.01792856334735,13.299189240120782,300.0
26.29098736884793,82.9066125335371,4.3315254812426645,1.7764036885064856,69.15176676335521,5.361433122751884,300.0
74.52174190382127,67.51585187065064,11.094023843456885,7.910095188920012,47.31151170228556,11.183886813411275,300.0
17.890458595139638,80.82470212463608,7.197042530676802,1.239153517976721,81.62418514449091,11.523858817887893,308.33192341715835
38.21126203958736,83.88554730386623,6.397192824332694,3.1269285752255493,75.36944739271755,17.77166052004973,300.0
40.03479833785589,66.77510763359454,10.772282616055339,3.8630225404934424,68.71628862742884,10.324896932223886,300.0
51.058675525709,81.6963284105332,6.217478307416191,4.907361250241086,75.90798076657839,7.029963600246096,300.0
6.976600370857877,76.31188933606174,7.93646596221375,1.3148274026880995,84.36000108855808,6.157394267888568,338.43190162088985
17.804010927300304,95.39517658729278,2.726783242826156,4.956829529743437,61.68534155235077,17.736533780318048,301.6760025954501
23.5283314459721,81.61367920983125,5.480382730824265,2.856554051119762,74.63736705268373,5.078195379528111,300.0
50.533521939017106,63.52071693520522,11.788033459834626,3.684555932608108,49.88590824750567,9.665634095896587,300.0
25.574058513651586,60.17036246043281,12.608769598962551,1.4179189771051266,73.0146525173462,5.369116068685046,300.0
40.09026987993282,79.65153840464687,5.623500113294067,3.2543300293152915,68.59577932175188,15.919472722058757,300.0
6.416241512593849,77.59498465930788,7.666568191739038,3.758601698343592,81.42874492995608,10.538707519543141,300.0
14.889179675177191,77.47985491528634,8.787753693659958,2.6510999723373456,66.07312598210808,8.320586430022617,300.0
44.47676224743773,78.34468037895655,7.0596523068691,5.793355620161428,67.49910684022066,8.499793531276403,300.0
16.40049622952086,86.47520143951066,3.802748889595274,2.1825081602483722,46.55941077225764,17.339855721013627,300.0
18.88032702547961,87.63601077974882,4.270817501869383,1.1961900216742105,80.14948533548258,11.967931177299885,407.54778483049733
50.025531134681394,61.595652683306604,13.27274364858259,2.5287440030513864,69.66457107865112,14.921621320362744,300.0
9.321416759868693,91.3564463098256,2.756094053442209,1.1886406499120061,77.3509604264052,18.14669329251232,495.5257586085129
11.226976704103562,74.89770243575202,9.490260786979334,2.9559422567515523,62.83907687007193,18.231350168731556,300.0
5.797169155125166,62.67462330788665,11.791902715274434,3.413630762933148,80.67698420040827,7.9131629780815365,300.0
51.28839066268875,61.2890312793281,12.674080531014077,3.2656713276419325,85.14548873222472,19.144122736634934,300.0
36.14164224500533,75.79303944315936,8.305777176154583,3.176067275536389,70.87853919336348,2.447765876262898,300.0
35.549537944862806,66.34858768348107,11.531508440933905,2.8707932656744215,78.48236948100538,8.783040098290982,300.0
14.571051860289527,78.09001283732795,7.341111528062546,1.7855910131163513,67.94275301282362,18.12437943515915,300.0
5.39050956075314,83.52010779686773,4.47056146315837,0.7957612290800113,76.46371785546354,6.943463836705693,480.60334786497674
4.003115673186033,79.66823132702478,8.647665347690136,0.4933800279755326,63.58146712339858,6.9154661057837306,301.7212856363437
44.685869301666045,68.21427405077974,10.406466051036542,2.6723190499774674,78.35421584699125,7.447201131473997,300.0
27.47972081821143,65.94889291608769,11.438583042838497,1.4878303325280633,75.28060707175686,13.0216409272446,300.0
31.074010392288987,75.33926817941908,8.713652814732024,1.9953199278843072,62.32932096872208,9.889989961058369,300.0
22.77806206858265,60.46916724423393,12.6677399618024,1.1573900780842452,67.33053109816986,15.081227054360166,300.0
10.14423813498774,74.28028327654732,8.61878004451418,2.4809516317667795,76.99213983313666,18.108391566163984,300.0
15.088516103003172,71.25825358485321,9.038829948259629,1.5151185116263934,84.01550772822709,14.135588748971491,300.0
8.155738197106132,78.29072278456533,7.568866331657607,7.64237193001995,90.05638410210074,5.680400963556359,300.0
7.284108584892914,78.69085771684941,6.882229308872408,0.7948465181506339,75.66425530085965,18.788274242489038,300.0
34.23421076318466,82.14812702756933,6.165599145987292,2.5604822120888175,60.54703032069787,6.760871720254613,300.0
4.381049943065429,93.7039872305224,1.2614410459707184,1.104891676050006,79.45302877145434,4.698097315906846,687.6437806863378
8.203849142386172,71.25292246677928,8.919226030535274,0.42716728204602405,92.79736421993323,3.619411019497296,353.0468990150731
15.762721005761797,94.47486238089265,0.7495999982170101,4.443422815610155,60.9948562012331,12.14090733199098,378.3984223004016
20.14370068061371,71.33402105409353,8.986902251841192,1.0722199714917577,66.35108405430756,4.047724324651733,300.0
5.728919466930217,82.11985198066007,3.9012299448214636,5.91927089931272,82.60334117818024,4.497965914027354,325.61412286547437
25.354590710930008,80.50889395678195,6.25135518318909,5.720354985528251,75.543203610648,7.40054865071894,300.0
21.896084593143183,96.73952341016854,0.6594333123734775,2.628486037542079,69.77440975664531,7.069754174320349,523.487616829848
44.195448684487744,67.93874258731138,10.807814575129596,3.778524365032908,73.31570755703991,12.876311185978562,300.0
20.38792011004248,63.14075347196623,12.322101688892023,3.140745742800487,83.70371880018246,16.701415030508265,300.0
27.116912796690514,87.95731494627194,5.019892166027545,2.3347895036592425,73.01143600076392,15.704293811652063,300.0
10.624497891724406,72.99562199345715,11.076907483333573,2.6150591313918667,74.69625606761247,6.724720184896581,300.0
10.995540443450736,76.6882724578361,8.680607057908473,0.6413799081171423,81.61588646281385,6.415588963747639,310.08747544313763
6.307878828251648,71.67026942637523,9.080757453041521,0.4265200558792119,74.5831842386245,19.38424754192542,300.0
10.709988524438641,76.77417234023214,7.347229953488041,1.7576402154864619,86.64021376923738,2.1482523486552823,364.617722732214
14.919915473861847,71.99448630610686,10.030101665182285,2.3413332084600538,93.96666978527989,17.834969595083884,300.0
41.43019874849764,78.29689080728869,5.8876939752455035,6.446768978422142,63.71299247455839,5.595113344203289,300.0
9.42165187480598,80.57356962531851,6.2233144506297124,0.6921874989136386,65.30052242372265,19.05111781561582,300.0
65.98979943513888,62.03380283935201,12.464876705514243,6.758726792102959,71.41100323293955,8.161531126895355,300.0
28.73362777683002,83.64557770236881,5.918779287065446,1.908245900720011,62.08441512622437,9.926331930078542,300.0
24.910211809262776,78.55972740735898,7.637850607792965,2.2475372630337542,62.504270918028745,14.728171050998858,300.0
19.27166627513486,62.99184741591788,11.740402429046283,1.72494031800028,56.63039812581519,12.578042926518686,300.0
16.729407793012676,85.67715679821163,4.442782937898643,1.8586392803834537,72.01431860290123,7.7229079347228105,388.02286231469327
12.038899384734457,80.8303852061795,6.745955001806332,0.9281490460000124,75.86125236684458,11.968956485620824,324.04938042389585
5.509378780507342,91.91379656902072,2.0562646189247484,1.6760948234695696,72.4813262806438,15.152723918531953,506.81612565466787
9.698641716418999,80.85763823312898,7.3456820034431,3.7203016331494694,89.0222023943267,2.762029026244858,349.05585373762074
51.21074798511344,64.39996063873429,12.354019973840764,3.725660515777034,82.12537320564803,2.2015874946026743,300.0
27.569529136175454,74.30034092362669,8.703760664013645,2.727573191916752,91.18816630576949,10.245204903312043,300.0
50.92425094565746,77.22801943900112,7.903412665624364,6.324087457589629,70.74411855155476,4.373059120463255,300.0
11.7938818939591,73.23944950572209,8.546671004539995,3.0384404947366637,86.84928924250312,13.95819724636486,300.0
7.9516254987714605,76.72826809340981,7.256210831113302,1.7460531700090425,79.55093001426866,5.852944212093815,314.95110308311956
19.136218504265376,76.01652328906907,7.654714464066,1.5528028097572575,76.96900803703677,9.791319922322078,300.0
9.999279945693665,70.60518553022041,10.19824484373441,4.824336736185174,72.25763333048678,5.558076863736841,300.0
22.04644031932108,71.09919573272077,9.794413406993332,2.823184680057964,54.28871283530554,11.872704543484241,300.0
4.4574125915470555,82.39977076429317,5.528571510814777,0.7227381050364179,83.03101120639384,4.0889622689222405,498.36990987127706
2.528638781877307,91.06352144921105,3.5784915782424402,0.7534432449950754,87.97193031147062,2.4159233501746447,681.0419846286737
24.257834520031423,79.20045228327689,6.794025434372114,4.463346439814804,60.59476346731105,2.920369485920549,300.0
52.11175454019538,70.16852392620486,9.38917676146038,2.6958870052527018,70.05994885932722,19.17665194727558,300.0
24.996756267670147,69.85054742949409,10.253290730940789,10.0,83.13931107558061,4.561151934996845,300.0
27.38114213425969,84.73743202422472,4.277099049293491,1.6483898639400465,70.62133969005228,14.752608556463034,300.0
19.72447309449308,81.12865991878627,4.940667693789349,4.166166155477531,85.74326209581645,3.2226716760108722,311.70787592149156
21.07750319625605,71.70911118866975,9.426212609991204,2.058186185128532,73.53982722034527,3.946886340233279,300.0
5.247683733230466,88.03469724816851,3.4625032156417888,1.617783145924532,72.45042066373108,11.159772525368025,482.600038699955
10.312891371392505,84.20778039037738,5.0607497210716605,4.767044097813402,87.66964851076222,10.367676742778187,340.77252243338904
41.15998643919474,66.43656018844727,10.414426936002014,3.12315767231838,63.38621840885992,19.128445569917652,300.0
14.668831504689413,77.96183101885474,8.313202038810477,2.275632008333414,69.23953898787344,19.007038154373273,300.0
40.63002848879097,69.1192119065225,9.764401836016658,2.132614161479743,63.809582764225595,16.03295556576437,300.0
20.67060548454011,98.0,0.5,1.0382307412347278,64.58005175193362,12.837832942292295,547.8265778662876
21.415420169395205,81.54256662773832,6.454784404820479,1.632316000441306,76.12899223096021,10.189285713074199,300.0
14.753834719090847,80.24825280058593,5.482624294479876,3.020207957399135,71.13451337612985,8.411213617911578,300.0
30.10891640140382,79.15734284030486,5.787112567966082,1.7639893887641687,77.84518040753754,19.047575845559997,300.0
35.0260138912851,85.32757764949727,5.195569718722306,1.9928400844471035,57.09833489652351,12.85235860564434,300.0
9.85564159920245,79.16471769266775,6.589135998074348,1.5513065163023776,66.38272094557989,12.4233054983479,300.0
5.746296496857813,76.01654038776523,7.273290451896265,2.3746373288767018,77.56626733120866,6.174220191840467,300.0
3.1398706965504775,88.06349427153823,4.461533781178446,2.6470831411830478,90.72014477035087,2.840560721932035,590.3521386668639
26.50286971119411,74.7698121355268,7.760525294204671,1.7182700847693837,77.39508888357857,19.0133944356718,300.0
24.494877425589614,68.05196433372625,10.429735382452112,1.3906119577026437,68.98525303250757,7.647234659203771,300.0
77.64454120018644,54.800709481910516,14.349525798318483,9.522326940278845,52.911536639549354,9.966602419840257,300.0
19.807137226239735,89.87680221694352,3.6171490100186867,1.594368892249447,69.1623149804092,4.063518984542723,437.91587765368394
17.347911848328035,79.2366159287221,7.986788977932719,4.706760794795214,74.97945611986542,17.064637938367255,300.0
22.56345262496094,72.31950135056938,7.738000939677847,5.110908695941088,53.36025505986806,2.4973729914067513,300.0
23.415885369203508,74.97382593043872,8.43218417418761,4.132202968405956,63.53128656238823,17.011833717783738,300.0
16.376845869079258,84.85665165286937,5.733053535885956,1.1886928364583362,68.86946943781535,4.525130230183402,390.19883978236055
10.128046284389711,77.42458569069791,7.187955905256079,3.956116219890086,74.12811559267689,17.958154027360738,300.0
19.054347901962295,66.21268562814895,10.357604224513643,3.8855630534666883,74.61681949696731,15.135907472050834,300.0
18.542354435239293,80.52740884143076,6.827634541225004,2.7433808891662905,69.68483683084989,4.964064725131491,300.0
18.326816894041045,87.63488282389947,4.923028528068522,1.7389109726963246,79.7678361057201,12.184723871470426,406.01379041841795
32.216868965932306,84.0440033712729,6.03108328502541,2.2198451635732424,74.25383178238434,7.627813658393951,300.0
18.808467937687084,73.38749754861087,9.163561620794907,1.200388419217346,71.81216024880031,5.208195780408502,300.0
5.867966299520653,90.8624286657725,3.124188101496081,1.7191067727794656,82.8777834835133,17.46527958939995,516.6375875596053
11.516111770214778,81.17005519992574,5.557438222383979,2.3360167327097314,81.29404878305898,9.26340979713013,356.2182836520211
16.226908058911597,88.35925897806926,4.572442967585399,1.7018550195625934,62.44577683444681,9.173786858576886,352.1995503555671
19.451398651813868,82.31018853662137,6.544569271808216,2.262652310236403,74.75804207980012,5.05796014651916,302.0084479262026
26.87918340935461,63.91380490888063,11.118285042115577,2.2475463206647666,81.94446727180161,8.895182169544016,300.0
19.561484027776178,91.67038501395602,3.068122110958519,3.0269737281804456,84.54718090955318,17.689103233919305,415.6156450369589
2.595047788946246,81.84336029602345,6.574472335074679,4.7602666355630205,80.91292194737564,8.536316788813446,310.3172100646231
6.537083948628127,85.17619212261235,5.646960310122956,0.6849167776698636,74.88384035198824,19.128864124996184,385.8057822510719
28.121501623858652,65.06091261497635,11.586370766372774,2.366696402217693,77.53765290451312,19.033560185750975,300.0
15.899705396215575,82.54467681345709,5.132387002864055,1.098652079264673,82.8490050721937,4.608175867532228,429.28646334263874
20.772414934620453,86.25349057632478,4.1804768640005046,2.999979384077675,75.890625300893,5.191602563407608,348.7652434939539
14.429568991273118,94.30805751470716,1.0915142749995113,3.331795944481672,77.85700196151481,17.528133265974006,475.2104355110003
11.477634028518242,90.67811887208825,3.066445177211931,5.947811806292338,73.99412650670439,9.069696540644946,357.44468608019173
14.831602218033586,83.17084514360093,5.412209968211405,1.395457158886097,63.708192857541846,2.078731681094168,346.1356256445276
20.94759393228015,65.03651050811128,13.370525633911207,7.047310371913716,73.25258382788859,6.929692754696678,300.0
18.708314159849408,78.94235320881249,7.734957311013008,1.0661204456534727,69.06372736309778,12.757321877520079,300.0
34.877649152332616,69.58684066478338,10.913358231916817,3.5915902960536292,66.66706022818273,16.386787387279426,300.0
4.841288373700979,82.81473955631576,6.105502140556931,0.35972391442328566,90.14231714638626,4.400995107678672,539.1715246307793
5.527108765927952,71.05342940913505,9.355002746286836,4.760731731532165,85.69895008468531,3.9897445595012364,300.0
15.761106783209076,76.85122124535879,7.495947617825945,2.297288149614128,60.35834216500299,18.59766776430197,300.0
27.08476252992034,71.90388757296897,9.218275369157046,3.5676178805159946,64.13737663402489,15.520670620806488,300.0
31.07835860443854,70.77743025926955,9.89144319840439,5.116434640018982,70.03018780836109,12.616032814005411,300.0
11.845973211672568,75.08799640550279,8.615337046344495,0.9180675295896799,70.42141394702546,15.845362219926704,300.0
0.9291386025231045,80.70875177633896,6.430982976698099,0.1251688235513274,80.68139367115566,9.719378503519492,468.44235970153824
12.153972810024465,81.6156840541788,5.895626533399226,4.8296645411194685,64.94863837823152,15.652203451564278,300.0
24.54773430748186,56.611549749382384,13.987524245815486,1.9838646499910066,82.90862750556525,8.692453842941644,300.0
18.45827463787693,58.927716728964164,12.576642084118674,1.1990919048845574,74.79920889984203,6.393702304866842,300.0
27.752588794758246,73.1848997457782,9.965070083444589,2.6515877451317085,70.73650327838567,15.122241583273436,300.0
40.251985331935984,71.56241086932917,11.243620031502608,3.8367289919773095,71.79732721576765,9.55410125883083,300.0
16.583432420627126,79.86453460029355,7.67129122464475,0.8920922820838677,71.71891247527066,19.664787877871508,300.0
13.241662705883488,73.26545536585584,7.904262377303455,1.3049625649691838,57.70196745758254,8.290733281545819,300.0
8.999769434929618,80.09577227649693,7.264355830213736,0.5166881711362727,76.72136841170385,18.591093569559188,301.1551552789762
5.496680956365465,81.80291582974404,6.884715764715308,1.365445247679245,74.25278035883416,18.79332587420743,301.84276542044836
4.160991200835341,75.20811716089246,7.9412107874720945,4.717545641372145,68.74973820599992,6.353353047165431,300.0
10.936393418644881,87.70164002182693,4.490595117768912,8.655423217398695,86.2004094699525,16.36798126858424,300.0
36.78399011538212,75.32341266625642,7.860486685229765,3.866166415141348,78.47134360323172,9.795341092602172,300.0
29.5453020137186,79.87572232068823,7.931235755621584,1.8298749519173123,95.48191505715548,18.515445090146265,300.0
12.762566304039073,79.74300126338223,7.044629649978176,5.363847404941463,83.56307156512622,10.102236907434298,300.0
66.37606539372742,84.22665043787373,4.524058794278584,4.771168339293238,62.21667458766839,15.39746691207259,300.0
11.5537507511426,84.22935138768986,5.792729349177517,0.9115668213152829,68.07883297991252,10.405413364948362,356.356721292023
42.6982397018865,68.70244073592717,11.279544293483141,7.230008665151442,67.11051363313983,6.100413602831411,300.0
49.16083412304432,77.75235156787745,7.574388131616216,5.2912936078801724,64.59021734043554,5.588302321004353,300.0
25.68271181999629,63.24896405994744,12.633898666745468,3.915473939169608,75.09064350168624,9.65776149661422,300.0
10.853924668779289,80.56893867420538,6.4212176985485,3.012802593307219,62.486734905252106,15.598903826255869,300.0
14.10707331274962,81.449726191931,5.276000240172678,1.152490501493084,81.67351807950185,12.891286733253803,349.340109901107
21.305276902073203,78.36100517817349,7.091611267205765,1.5392587239513524,75.58897578903188,14.39532721820978,300.0
5.647865279328963,78.08723867183653,7.722685482425336,2.6137765238149404,81.90899897819891,7.081874313174964,301.29655011260263
8.290023622894788,72.07800794826703,9.2049091895244,0.9107131289026695,66.42317816331807,10.665836227236898,300.0
7.705496921979146,73.99001458075689,9.310607481139376,1.5401735139763317,79.02837439472763,2.799114769447886,300.0
27.000623368038497,76.8764621890106,7.3941006880384,4.39656834942642,85.60649572262095,16.71558348724617,300.0
40.004673044774144,64.29081807072575,11.641787981130754,5.064747795907781,64.21873378338194,19.818058920317743,300.0
30.31315913447785,89.49244591559305,4.167414026530773,2.723228259690017,65.42632476253345,9.323823127244076,300.0
35.85018725803896,52.985777368481784,15.848889557281842,4.934770925411163,78.99408911174955,2.1973457563677803,300.0
10.11850669791755,77.18642558610131,7.275147539708424,4.153934488622391,67.72476453147412,5.056267511917053,300.0
14.595987130382246,79.67199994417749,7.603044319414404,2.856921510177824,73.67504608202724,13.74548379950754,300.0
15.445081087717579,82.66144958336845,5.228528231183427,1.290899061021889,88.92883194777347,13.017427727669466,399.01760823194456
25.613743105319273,69.03757869873034,9.73924793320934,1.9211301366966933,66.25891850689847,16.18156495253979,300.0
11.182678267619277,88.61416913222946,1.5317179070722529,1.3153430687568983,90.1865771497255,6.569912197299227,597.7383196317846
34.42953260036873,63.27485447741549,11.798540335332879,1.9698931388924485,69.7775344323575,15.745374479848413,300.0
48.304899827484334,66.8438933290929,12.099008900106861,3.053341763172861,60.627453084327705,14.383712387426057,300.0
26.50018479708683,81.13593978687629,4.630185922103284,1.7952371234728721,79.42230967654062,7.810660958849179,304.5840886308441
14.111254564042957,87.21703251425257,3.4994530497324376,1.9207084821653932,76.81704502702816,11.818786665025316,422.00713504054045
9.388236929212784,68.7025775045244,10.783729009870669,5.25087985167646,76.67438680859829,4.650928552969881,300.0
7.721427960081433,98.0,0.5,0.6067735531014316,69.88732146132249,10.146161061840488,660.0540800262663
2.628593091368731,74.24177701456121,8.177515437671786,2.679275664862675,78.47378759036373,17.861552112001537,300.0
15.804007781415947,68.02565846786624,11.570804416533184,3.1151137188748317,56.984723845992455,9.581444836857035,300.0
15.134345724328169,82.69216307483386,7.403699616534572,0.9580253890478807,77.66273077241371,17.112200716557595,306.53201317311226
33.06373051878798,71.93963165721499,9.585653366795295,6.770010598263013,84.67968322385629,12.624560574674499,300.0
11.779838582477833,75.44001701153692,7.445487381561465,2.269838627349054,60.30816593489696,5.453780835842422,300.0
16.475182936680774,83.14061221448799,4.851692937585378,1.7280096232348765,71.83174561285287,12.459912404562136,303.3468731871
22.79973205152472,64.76569342524209,11.860695233717358,3.965580208164461,66.67228186493881,11.107699924827141,300.0
26.210266320990204,62.61666620958453,12.685881920403903,1.9056157638780813,60.432973746635675,9.175544033534912,300.0
30.614743987443592,70.48536940161658,11.324553207507739,3.8958764371495507,54.89591861874035,4.153347911289266,300.0
21.250729377068,85.94805345267164,5.460626064472548,1.1435788974805625,64.14886734051058,9.500755949250138,304.51935710161393
5.963252924725949,76.25564200925803,7.982071187224784,3.9559396984406203,74.88812252281345,3.309722772313288,300.0
24.677253976306254,89.36425760144154,3.2770816635786195,2.4228962709856106,84.60464533977088,3.7778429251775227,454.6011971921527
11.106743181845832,89.16463458936904,6.023557837652087,2.580350831869737,62.593557934608576,9.486497592788888,341.50789896322715
41.21069416670927,75.19721675938385,8.768870253535432,2.5606338449456856,74.43193070721948,7.496866675432347,300.0
18.958802608461593,80.5468543011365,5.949380528759129,3.2086025191606495,77.09695388828389,18.659797865520023,300.0
22.152971129193908,79.38236735171219,6.692845877222754,4.066576651152509,89.68872097128039,8.762704496844869,300.0
81.54876184768062,65.33701422296707,10.85236480034183,5.359356775338409,70.87096890242222,15.641446197297803,300.0
30.966916741373964,72.2573447370723,7.323912133628921,3.4715859716450987,78.97635792606731,11.544455474592368,300.0
24.373565320306746,74.63631296387521,8.704683138340787,2.437488938708589,80.6016687994151,14.673542035562038,300.0
16.8381784848249,69.73591948059786,11.513990213046565,5.332265985669263,67.12018508940352,6.682087694277185,300.0
6.438454957607572,62.9031975950049,11.06115503986719,1.6997119411899353,71.8428290441349,18.954289511089925,300.0
15.954025403092347,87.32267928557609,4.269983648177852,4.485601821984616,85.62270964997279,11.54159294445963,344.14414306865126
9.290843460389954,81.21408193299659,5.696448865691059,3.696984489149813,58.11317477699417,16.963833283134495,300.0
52.03951994266806,70.60099645758731,10.216869867926777,3.658953472625685,64.01727235873561,8.570822482570042,300.0
24.59479022374407,79.77673913363934,6.603222830073901,1.7526885108675683,62.2974981096804,3.8038042829094416,300.0
40.25335325347585,66.51708264588612,10.072928727837212,3.0546961416385057,74.03419339033206,14.126809658975278,300.0
11.513431671359948,71.45854732522535,8.728934587098427,4.0755716772489246,72.44250798149594,2.1396736700736407,300.0
9.865383385741984,77.56013810571154,6.8157135391754515,1.0098588739538017,82.11792676703716,10.555273578179149,325.61200500179
28.998612308437007,86.56509314625436,5.553756850971649,2.936439691720132,72.63325170733202,5.470434247996266,300.0
8.977195252867782,70.67508881642408,10.809577816069428,3.72965165292343,62.70258982933677,13.292759079836518,300.0
13.305053567809049,58.05636536061668,13.732133236770947,1.5375471586339713,62.46943321146599,19.62955771648134,300.0
53.59904782561685,66.03700074381427,12.303242498822986,4.73556847591914,69.8697061584057,10.359252313771627,300.0
13.721658473647553,88.12283446567899,3.8205081065900632,1.2498317271459356,68.96553652385022,16.714968617462,367.22319172225053
5.220459865688066,66.9911466347138,10.741620915001917,0.4924720570224635,72.38722634515065,11.14011536512018,300.0
3.4643398135213994,71.79557641044232,9.447168802293499,3.336709034960812,85.89008782407382,10.925120559872433,300.0
4.618330322136742,83.09234125375527,5.863746471647154,0.43934691169578116,84.10254454348446,18.747622877218,425.79667817180314
41.77619011348657,93.36849445883564,1.766146012762785,2.722019224813915,87.87717604817324,18.019385637440266,369.38332916704235
12.096446884887222,68.47308833711526,10.526463148040692,4.468375256057529,73.30251306460634,16.14440837338354,300.0
79.97136822154866,53.230826259515624,16.219582584678676,4.84929990995328,60.1979750566919,7.332603559702114,300.0
48.65705305734008,74.00503527809867,8.768619951998613,9.66005152635194,74.42914272125918,11.81015148303093,300.0
61.67835643340257,78.06815710460107,7.344840620165765,10.0,63.66509631182984,6.03015019950233,300.0
36.44483142387988,68.98934738814074,10.732228375377721,2.446945397703246,67.74472526918638,9.990500564837717,300.0
27.98881317601596,62.87130785229915,12.909595564587171,1.4831236498911262,71.94676367821107,10.715835183676232,300.0
9.57095586433448,83.36438347693718,5.49511285279727,2.9205367299881404,91.40309722270175,16.969520723047957,353.06288436933136
18.62060074752393,82.82219901396851,5.346588816347976,2.130294542245852,81.50660213402904,18.128510575849877,300.0
29.889198205724938,89.65361740704651,3.600156840430551,1.7068546282902104,80.76000388964191,9.4631611231366,409.8185120733458
34.996983066643004,79.55624062393277,5.539415474830438,4.208586411239333,87.18514157127777,2.3186800113182695,300.0
7.009660800880804,87.08240323478526,4.137607992001829,0.4138254163316006,85.0353475205458,17.511929116208385,501.0563347624775
16.143819148906346,76.35119863629735,5.905685861249474,4.890660913563489,65.3597766364487,5.137016213024492,300.0
17.5596672100102,97.6689079511535,0.5,1.1764979391291293,83.31649119576868,13.193875350027083,651.4849559375101
17.052198024059468,75.06338034999915,6.851257870466915,1.12496397399262,84.5344640104284,2.4494762078143615,301.6617276427762
7.878906672802103,75.37126356068939,9.04746020706598,0.7803195966259974,82.64894767331755,9.191116554690158,300.0
57.185072199677656,83.89540346421977,5.3793842980355375,9.310367723937732,67.6272623059124,19.747285438076297,300.0
15.740138962273845,66.74327119713647,10.075937049048111,3.1499256394758675,80.5199645096747,3.8124848198684558,300.0
8.387226174158718,65.37554316546176,11.934338446269031,3.651999732063312,76.52375858219737,9.626476735993561,300.0
58.068377411189715,70.18141236632613,10.730452794717838,3.9172022334167016,60.4509480020855,7.5286991034191395,300.0
48.68639286123694,71.27510138432231,9.981754650143795,3.254208074276656,64.09433826279805,18.29158622098876,300.0
20.65846043167646,75.63203485262588,7.971686946330639,1.5673333647680006,81.19873630534207,17.648121942332395,300.0
12.995923972829544,87.09233478295072,4.488544367085256,1.9601431043675805,67.86222978926999,6.2785776855121185,398.3233077486522
4.256435060248988,73.79793482843667,9.45521895036863,1.8179814098193448,70.02155284967627,3.461380166907761,300.0
26.599789955641903,76.66138321475617,7.404142258284485,3.3281108778012585,80.75449164651594,13.288491093100115,300.0
12.293510034979786,76.41458017119895,7.8857001482066105,1.2091129836021985,77.32407506053897,8.054636813906775,300.0
18.293259416629425,70.84573492748751,9.512333921819017,6.853002606977813,80.41475094219513,14.097519030909135,300.0
54.85878322779212,69.43634701820027,8.89715164514459,3.115016470386398,58.67402108685252,2.5781556092206603,300.0
11.588544087977422,86.27128672700579,5.309492302180179,7.321918581686328,81.17058395372526,4.401186233194809,300.0
25.831765033317325,93.2815566561142,3.885298606623806,1.3215234115792964,68.14898190480571,14.35470018990758,385.76840965554794
31.21145727619126,79.76883126242969,6.0446872155304865,2.872760075632324,64.1303255386407,5.822671795444959,300.0
40.94833578052601,52.904686117072664,16.468582148884817,2.858450522271215,67.27364560311842,17.436578163723226,300.0
17.331465270872595,77.88195695687484,6.699085990565771,2.0590622168265664,87.6228648217164,3.0546359787824375,325.61127961492934
16.01993975196004,78.87403558179145,7.1482183914645026,2.492030584348771,72.28092182266552,5.878675690140343,300.0
15.740202458087984,86.02682753586024,5.864133973745076,1.9309558217648055,95.41548604187821,19.974084472731235,389.94978343715127
24.149133027365465,78.1656731538975,6.861757760387144,2.2792199946806644,55.78202710316186,9.795369846562267,300.0
47.38933178747806,81.59905834517143,6.121898086762692,5.00840910822358,56.93909896104558,14.653381943803584,300.0
15.202037143332896,81.78891675338895,4.629158684997224,3.0760385417578995,87.60136156281008,5.287934879426246,369.6196285896057
1.2728858648445267,94.19034966571732,1.4051866362705745,3.646418754707203,91.95350815267493,12.97763722973968,617.0666224582938
33.53744223611582,71.11179534766818,8.10438369317671,2.2521268763390787,65.16226852988709,15.069909230649532,300.0
19.59697479351273,78.84341328380074,7.395538067966418,2.860649381077044,75.64449633147878,7.66057944559719,300.0
26.640279736608996,82.75227074106519,6.414553133472866,3.091906449488179,80.37766730603813,16.9201480155658,300.0
4.422532584776654,76.44949026900159,7.672862001076161,1.1443653751481495,75.23623892600071,12.8615164125011,300.0
12.3312780800843,72.96701640573285,9.239704105227817,1.9478518420457351,77.46311211047735,9.004214173070544,300.0
31.757073600848983,69.97862701031974,9.746539965693062,2.340973932675551,73.29883607906136,12.037563080176854,300.0
6.239021585498956,74.63369031447886,9.04787285453993,0.6178907616313529,63.69512394530004,12.381695253846637,300.0
25.79201138618794,80.50625286204128,6.6014852607530665,1.770691781083613,70.99324671841364,4.979635268489588,300.0
18.18393342488244,63.32107040944942,10.637779178874013,1.1322079353405772,75.34769584249642,9.249182657605392,300.0
10.321525844320727,67.28150410370618,11.658149953238862,2.8142223107943685,77.3438676303244,8.181750584350876,300.0
9.640674721344531,94.7810235001623,1.4280245976127088,2.6439364253405584,60.9433438142265,9.21624900642427,492.4146922037742
7.943389901595354,74.4516804538556,7.499802938414742,6.4130371799926955,83.5557366107468,15.699990592734643,300.0
19.522118803530066,79.30525267259736,6.54710193125901,3.5923918765123126,76.20112505553534,10.685691334400108,300.0
21.182578351728914,65.42666141942661,10.00279047468731,1.1660271796153399,65.28813725516505,18.925690758306757,300.0
14.087740252720938,79.6536912867156,5.782191455436899,5.016948798569324,92.04241706830473,7.286175440451851,300.0
7.515981615192374,74.59443070320644,8.582882787023497,4.34661125340794,73.71734152315176,9.482664409128722,300.0
25.289045180713778,63.93169407495966,12.204137990752567,2.435982832346148,71.63581678259855,16.165222588622747,300.0
33.9406515276565,85.22842016443327,5.169011012593043,3.46014970444567,78.64828547757347,11.828442679773504,300.0
28.468107026515092,85.19754227065366,4.936720470659579,8.889346630610122,90.64979418415146,11.84650663564006,300.0
63.24949296309018,67.22627322240803,10.37028349375305,4.682349737628053,74.60593241993716,2.9601229340933033,300.0
16.27767074555055,86.41426469740217,4.485011122630823,5.528427148547278,82.95733791841225,9.174793928932205,300.0
44.45652602746394,87.4459057757752,3.8349321171832913,2.396206448367128,62.28092430646682,6.873207183591185,300.0
11.158946724755532,85.5776391858185,3.50682832626702,0.9819882933892072,77.07279530962118,19.98803221096008,388.379522821515
9.738276794819237,83.69501702121947,4.817062333451706,1.6492488758674544,71.71290294523294,7.550391271381585,395.56169945598714
20.393322677288385,79.10506658286303,7.676610790647542,2.777447986620906,81.24217023085022,17.920937626289543,300.0
50.82513307985095,76.01444964130671,9.265818774541717,5.929373882138229,77.51292219761169,14.172207230728594,300.0
14.956875673740734,75.79813220385995,8.588309300674968,9.637711076351865,90.41953429761836,8.136495365457627,300.0
4.41915955852469,78.81469794383298,8.296725560849604,1.205788576689972,57.87604881421911,11.783618810734225,300.0
33.51855392712009,78.2330491377337,7.323961175530067,1.773080906199846,67.2610134500851,17.129645839085487,300.0
17.62327569075312,74.33196038675808,9.949914072176004,4.111789087432633,87.0227491446554,17.900629364556416,300.0
23.053147810169605,74.00191009941467,10.309620719124641,3.007263274519895,61.89225920608189,4.887089750110614,300.0
10.164026871716514,79.76540740530216,5.358088599803665,0.9508489069559265,83.69025526528557,8.112316541747052,411.07166054467933
20.25739633983653,86.74823320998051,4.594450242379429,2.3785842520513087,85.13139505635726,8.03401724384429,395.1924698788246
5.1049768802411135,71.81559505786977,9.463945798646778,2.967246683441986,76.9431948596657,2.7568063293670044,300.0
57.74033266075807,75.37055483627532,7.870532002107615,5.829952539560945,56.50976791647756,12.768279677334137,300.0
37.65281110266148,80.05075285984225,7.04328147724036,3.2674091463894577,71.22240123079864,17.386760953859383,300.0
19.609182030214267,83.97247602772732,5.37540804567106,1.7087634165349657,88.15075473259637,8.86833898085932,402.3055672952396
32.909963746715256,68.30583693404672,9.97636188567079,8.925111669046736,86.87866181529145,15.320647009715186,300.0
11.182371439027621,65.99842535932643,11.31257412952827,2.7366164216185225,78.15756767514506,13.29860744481332,300.0
36.5708609659928,78.43201436677296,8.153004207903724,2.8778429277365207,63.68323165666823,8.761677238874015,300.0
14.456175626297592,80.31995163752622,6.706046598330735,1.3811040632594187,91.44114840250005,4.539076390861347,399.91475116522946
13.677057284101654,87.02606047560269,4.826210306737342,3.3107064824557773,83.30074731937214,14.767829349967412,348.1644872411356
8.421871584802513,74.54289362726715,8.26405964402101,0.9757214498126052,68.49712954418777,17.382173040942327,300.0
25.072857026891093,82.56491846413485,6.173345053409676,1.6304267134627493,77.2857421862309,14.345380863226854,300.0
18.999526564943498,86.25540105346772,3.614161357790882,2.4593147662044323,77.7848073440619,2.321812712626725,415.5821034229619
45.37266477698128,71.25553598066932,9.181711606907724,2.953578343379444,65.4269443695068,5.8921920990378425,300.0
7.5888177768068275,83.66589611522103,5.36256640807358,2.362036038827157,79.95863866591138,3.2506397279035744,426.90358035789995
25.151245012191282,79.52245775751068,5.804778677661877,1.508549642152299,84.14699479128625,12.266949792372081,300.0
40.04288215648421,66.61880969333626,10.462890060440763,4.130224438066695,69.29132488764921,15.616598219127424,300.0
21.45040374906291,81.52968399348302,6.407261417031441,1.7387063705830474,85.62086126193304,3.99042536723587,357.59912263052973
14.245310284748847,91.84601846456337,2.8218593781759687,0.7127514421331672,60.02901233340619,17.090080770680935,411.1095461225344
21.064174762276096,77.54351302864035,8.130587996846051,1.3247017010443944,94.76877672374638,11.999161611118698,300.0
43.075438577319225,60.83600400377651,12.574256517526367,7.578351615313515,72.01884564321925,14.419442218551048,300.0
43.06392866330214,67.02812344676144,11.03670729855038,6.193348776384511,81.16159965373728,19.485233274955633,300.0
17.09956457104952,64.00266020355608,11.461619336774245,1.3871039033742696,77.36656869315492,3.5062577884585515,300.0
42.58575085963948,82.95322384324784,6.247161558204847,5.142796638188938,64.16443381934128,18.222032413600207,300.0
18.35596937442298,84.07452910825171,6.261087190069628,2.7937037670668996,74.88321498090102,4.269848527773368,335.74171193852686
32.66822436919631,70.80203646543426,10.119314373324157,8.707769265273006,55.87852718350924,9.07325851946028,300.0
27.177163942990017,64.6765445567907,12.6234405687577,2.2944085358743376,80.08290778496678,17.32589653396006,300.0
13.809514020435188,72.29554724956434,9.260817473788844,2.9784939931211465,77.6364541047381,18.312576261281627,300.0
8.687526780996299,74.98252838260363,8.98363227379493,0.565664143913704,74.93685655663636,11.114690123812617,300.0
40.72328219173432,73.91613870997891,8.754954624096998,3.045345468622761,78.62980381092058,12.693883488957653,300.0
48.1209436155476,72.01946715016656,8.506901830009198,9.04441549543378,71.0835678120066,14.746652022774029,300.0
24.743835664874176,87.28781195671729,4.434773125386455,2.7858232827497895,79.71389350081205,16.989656032148854,300.0
18.33803933480834,72.42359248475782,8.395898483381654,1.5959182567401067,83.87414330970005,4.187201051677991,300.0
6.747386977553566,68.45007203010678,12.387945817886202,0.5936520120194008,72.00883869790839,16.581247548126097,300.0
40.049548636015786,63.93327149893819,11.754972306667003,4.434084726825612,64.43787516307121,10.662970709209102,300.0
22.81078548072719,76.79742835866801,8.250220831469859,3.211003394513793,59.03934150511869,10.111221651947043,300.0
15.348085978853428,72.79399654908592,9.058737241350885,1.7040183211080158,76.76483429262271,9.630195535945969,300.0
33.28069289098725,72.3421791998786,8.232382860811741,7.693512236327072,77.0407716624081,11.165808534428766,300.0
5.654928587710351,77.12364706814817,6.106632553232285,0.32765244077699623,65.2032221254421,19.010909961102865,300.0
8.063728526812215,88.14788735374277,4.54991537947838,1.1272042912231974,89.53785935323332,11.867667910258728,551.9710440304252
10.853642930387682,74.91647305857613,9.600648388558136,5.621056920477803,68.93493431826734,19.157195688736508,300.0
26.605114612533477,73.12813816966015,8.369444311011664,2.104333875560803,55.04173198259046,5.24522235108153,300.0
21.22928958929453,83.06782493962541,4.318704337810524,1.6428452221094285,88.23301266063676,15.034447618987397,354.2233781563338
28.75083634667435,71.15496071547503,9.354882908904358,2.965627296200047,55.89423954813529,16.62031169495745,300.0
38.303273310787894,76.95897886728281,6.93064674138141,5.387454659487338,80.89611796383264,14.224318964027514,300.0
29.446099114465433,78.17374029099169,6.755167359113097,1.6900310423808032,80.03716082071287,12.924601044077727,300.0
58.5148475436083,70.26086041209481,10.401345489081958,8.655877185750523,72.06275977943766,12.16663005955128,300.0
38.24551800993299,64.51081497616283,11.789357903356786,5.082477662520885,67.52219776456099,17.496748686416527,300.0
17.06977935857719,88.08284233728851,3.308779840464882,1.2534425762423735,79.92870874694361,16.789638748961004,434.0105147425817
12.26635793366033,97.06687162725963,1.4485100865890794,3.102962781237903,85.56041017329191,4.201196981250791,646.9317741592919
17.456866315222058,78.23011451679031,7.790126370463863,1.844975107291903,66.47317558443744,17.274577826555806,300.0
30.134162545810973,66.99964525295857,10.730472260178109,2.5360229656640456,82.23123867494371,9.453235149927965,300.0
13.326562818398095,79.30097784655261,7.010007267883577,3.7247194435471034,84.34288618467548,6.566542939924594,300.0
30.689529849519232,83.16718455779377,6.027339987196989,8.116552919387631,75.99803034086612,17.65583422425067,300.0
28.399613577693295,70.83058360718262,10.064021302392511,1.6908319021570768,68.86228406061599,9.77644639340735,300.0
8.581063769301377,79.08097249780818,7.005500436969701,1.5206819515538923,85.09595671824378,16.5505644231827,309.5107252907753
37.7823904859736,76.41310718438294,9.008366499785923,3.2005973115722206,76.87145803256668,6.741265015205201,300.0
24.147864638336888,86.31185259721329,5.028860451341052,2.151602716249526,65.19818333549836,2.0707277855999204,332.4300119244806
56.72781976162333,75.72326951715786,7.731700281082528,3.738956118094093,66.14862475684227,10.918265472253,300.0
18.402599424450944,84.4863718828789,4.815474118214576,1.0274984142118042,82.57510453211866,3.8041086195719167,462.85716201457
14.823281062777422,75.32872971277757,7.7772876822981365,3.0549520736655102,76.771733394491,15.578767199448373,300.0
7.654320158309202,83.53140120656336,5.995229688927796,1.5288785518484826,86.58969802626154,6.969352449249387,455.7803183315662
7.548331026272704,74.56366055721897,7.980581766258819,0.8107303284723596,73.75693008522353,9.985621638862618,300.0
34.893267797542904,81.08768988362225,5.9641841007636724,5.130666621237037,63.73095220013567,3.5666041716479766,300.0
53.14902148430397,79.51697239973804,7.674093777246638,5.902099729281138,89.73407031784505,7.159866472050548,300.0
17.27567523060722,82.6262599994474,5.944552236504778,2.1963722141088877,60.2445929706905,16.066824378654296,300.0
16.45382106867264,75.4408746705335,9.145201211519115,1.5316191505388557,70.99737046308414,4.7285824142417505,300.0
19.640212296760435,76.04933627037992,8.6220024752219,3.0147451119920388,77.5357001617858,13.648872100285233,300.0
39.46600868035561,87.76960777561784,3.1354599448713354,2.653082562510454,80.91885372124605,18.51366535048102,300.0
8.647032239037099,77.29196935042387,7.48763710326615,0.9707473517005507,82.48498948102478,14.237061675638966,300.0
22.116477785638526,85.53432822676407,5.613849823053476,3.728306419236382,95.44785937664014,16.598390407260084,303.4495683299727
35.41184648848063,76.92052655828243,6.715416961785046,1.8529140110220494,71.59383695280472,3.9614893274704843,300.0
26.384009306614903,73.52242636486598,9.161626534664949,1.518329535112695,66.14954925185302,6.51317286803698,300.0
0.7367789309868042,71.0807164154275,9.608372015898503,0.050461583500111644,75.87621894240394,18.10169934033064,300.0
29.544363991208865,77.19304296664211,6.198488017421386,1.8091932203593526,70.65255663715945,14.871901045125606,300.0
26.558331943948744,76.88597390518026,7.8004028085550585,1.4708871371576766,73.36559388279643,13.5119688747916,300.0
44.42685825494152,86.67836855558754,3.7705694019029274,10.0,62.45757815566526,13.9478012501906,300.0
50.49550161224656,64.00944808192577,11.062729213664937,3.2064063073649853,77.44617910241622,9.455609977483581,300.0
43.01145613591259,90.8956283824815,3.042103079830938,2.4738890838337553,74.849753463639,2.802019369117758,346.02736025755405
19.716370183298377,80.69288279564711,4.891023383381891,1.5373156520089273,63.63161701083824,16.119947757273124,300.0
4.219506693761684,84.0943422971497,4.7624536668821955,5.712647691266199,86.04329967877099,14.21683825187637,327.8947751288314
16.365253371755387,73.65506718275597,10.822583674416794,2.286868726129036,68.20587816137615,10.510480354029045,300.0
19.268749211111114,80.27852563399131,7.094002703395119,1.8711251777649225,64.42834809759474,18.195673076628633,300.0
52.72303434934544,74.18533986900971,7.899746785396215,6.769462314421931,70.84150318289302,8.050873969731779,300.0
10.249175787974723,87.24379966121258,5.375399531676125,1.517480268085674,60.60603258721,7.297791396162246,377.3985684888832
5.816408919477604,72.89381237697938,8.241761025718498,1.1067826971013859,82.3970661109736,17.710333851429972,300.0
13.394168052212576,90.30752987481755,2.7878672525524397,1.1342851853731133,50.405311815119376,16.34577778566174,349.31834455184946
10.714557135049091,82.53412162046504,4.902878331901555,1.4847050365884913,67.0925522198449,11.269636591670206,332.61661985254347
5.291173534485862,85.7017729848716,4.970939574642285,1.0261554421380958,91.34655985961832,4.353225310241299,568.4335881507033
17.55409457837701,76.37056110071897,8.971383330771378,3.1397936274870326,69.15095293068357,5.871286486370944,300.0
19.815814379820296,70.21537973020713,9.129001770549738,1.6745962023866963,70.38736099617026,13.81210382735852,300.0
4.994832462774406,81.48293387741593,4.524000944267419,1.9714524735963426,88.67776061775777,8.93074228112741,462.638858039133
14.75275307071171,80.25275872302917,7.45518709860581,0.8739644383752292,68.61531459374237,17.05651744998748,300.0
10.160698736391032,68.68122013307804,11.682633689844131,0.9326626381321682,83.31083882204663,19.099190167979675,300.0
20.282737987159663,83.88408088414587,3.7759086654862553,2.0606259785883707,85.48928278745994,16.501464654948528,338.0618768553569
21.733623380177903,85.1907999275335,5.304443497312654,6.614311935636159,79.01072932032245,8.795817613920029,300.0
10.162402758737999,73.92695440250863,8.872219480856023,1.455346764875081,63.43556367951096,16.196355726165635,300.0
37.56474084956609,65.55507421091873,10.851661685783553,4.059966526805223,66.8934161396222,8.325950122472303,300.0
18.959355798081393,75.40525070942769,7.082765230188716,1.5369440789687407,99.54267462804877,5.00780157978141,339.25175435012983
10.564416122994363,79.86698922883164,7.5044038667466975,0.7999371748149064,71.96462470876668,2.601077687585433,348.043739834386
4.6829305086829525,78.85638720876707,7.191127355576731,0.3547861371593307,100.0,8.94290082969836,487.05630714039063
22.55933420476996,76.54960381278434,8.020339895013263,1.8568438550573867,89.96077633755355,18.264067466551072,300.0
26.51553464655369,77.93840395916551,6.856449864678268,1.668922261832689,78.65829565736693,6.301758579602177,300.0
12.814065973869154,68.23475397594375,9.946887977792118,1.0230496076356375,78.71699855639727,5.7172369687361115,300.0
20.744925786815415,67.40975130847448,8.899437397489349,3.897816601209729,70.66885093583377,19.456774134338726,300.0
50.493972992172466,49.1131040143369,16.779876238059796,2.5566283164503036,69.58969073304297,2.450074031310658,300.0
33.796438637046364,82.10514532747757,7.1160126610708545,3.3218537505789847,66.69601679572459,16.14407870708758,300.0
2.000678105249418,81.68166698178472,5.393907470032838,1.0543687794659784,77.09126064983617,7.784659203335666,441.88462544516676
10.464275326650682,88.0806684798581,2.755178751300573,1.9358812506901089,64.13460467855853,2.674783223653868,464.92866136875216
16.930170052021925,69.17345862206405,10.62404544581092,2.5013758748602832,62.6825353746943,18.520445723772504,300.0
19.7364736999989,77.85323450226554,7.878319164668557,1.738736380180846,86.71266990889255,4.513561943772505,300.0
21.067043284311033,79.08386252638438,6.5033210559936,1.7527759636185187,60.293155883538596,11.932027107062517,300.0
25.379162755945607,71.92232423505185,9.080213683223004,3.91298375380062,82.13236896805535,6.93297573373186,300.0
17.35183531990487,65.75517384188659,11.626064546479476,4.967776521767048,58.3117849386811,3.1734704393244386,300.0
18.925387720875243,91.8033853904887,2.6077652949336385,1.3740960296906584,80.79193026909901,2.8986047419408236,567.8217305604322
34.951953548801654,85.50483694942405,5.631824485461837,1.953034053549223,70.8529478613924,4.080020579054098,300.0
22.870747238716763,73.91297743367939,10.645468249512913,5.705102499352342,86.42523373942312,3.284606250008841,300.0
6.99518424592781,84.54288062725274,3.7850422800967207,1.211003420027561,73.92677223319014,15.690046079358613,402.0323240393674
20.189505469817348,73.67998338578505,9.757142975851368,2.6123543227626524,56.84971368298419,10.740191641101726,300.0
16.96500720935918,70.304469589743,9.982717897571003,1.7393974016702587,73.72692234561612,8.172057644281635,300.0
2.9536534051008307,95.96828829053392,2.454464654238689,0.41658020847453026,78.9578970791662,9.530640382376129,686.4179954545334
20.937008361731564,64.15090710917265,12.529181239288327,2.8267890425598763,73.63564996745416,18.72104124030722,300.0
7.852119765432563,77.9885040758359,7.386090476003267,1.8820800861967228,81.96215242409306,18.39353262928665,300.0
35.29179316371077,74.9103961219215,8.971219646645663,2.2183746960028135,67.59073813709188,14.882176642206383,300.0
25.13270342143811,89.6806978767819,3.124442757458193,2.459117273012265,62.82346602387382,17.92428279359038,300.0
6.646692790837784,87.71043681990383,3.477079922348172,3.5209161044691943,67.97015612254631,7.753664496577246,396.3422440158322
34.251359078397115,61.08670280621408,13.619789557073986,3.4978438250765023,68.1843900374746,8.859967868149091,300.0
44.88647036088412,72.10297459233203,8.623545710191053,2.4482058702847365,66.51189189963219,13.046819273376105,300.0
15.454553723726702,78.768479767695,7.5910714840815885,2.360969007231094,97.30091816347043,13.225267051350755,311.86339170394194
16.891132604800667,76.45724414454831,7.872183351620561,3.27084139221724,86.72627885852765,10.670597084222138,300.0
32.080279972394365,79.90081126631564,4.836176256996725,4.751223376443688,79.33234084327793,9.21184127188316,300.0
42.759913828500515,61.31996353568208,12.433839527735621,4.121736071721184,75.56412552228176,19.751245608956513,300.0
3.9200255547206195,77.8685070776681,7.645034863463664,0.5273034416780213,80.07394628721113,16.78022527011904,319.910997414654
7.376591356866616,84.20769988719395,4.939299506475222,2.845773578961521,79.60251620335757,9.829643561984813,382.69849488603523
13.59764134427756,84.44512438554406,3.1475728487422305,2.942205793625342,77.39392827607956,15.091264590312232,347.7422628601584
14.766477686031422,79.94673069714666,7.74102320321204,0.7877842209210266,76.1101000890245,6.852110478544271,317.2460020148589
31.47356786143696,72.76867746808148,9.212607551656797,2.6348769658419764,54.41618796982665,3.8030478722719376,300.0
42.90177335425794,71.60207967305146,9.820964875332022,2.9548699548890327,68.20658853920887,8.343758459949331,300.0
44.965442758802155,78.03085957208143,6.944425887563597,4.462037310452816,69.05647633984545,9.253510402221096,300.0
3.8197840522851885,81.43085378150094,6.614907156683679,0.6780282098666514,70.65027451672681,2.297668242092074,430.00843777690494
9.679268284238866,71.53578061394322,10.955929244354955,2.2714174646066336,71.50723733130495,16.666256029446128,300.0
11.685734843637519,69.56115766284053,9.55822239215127,5.472721430521463,78.91788092808153,8.465481243005268,300.0
9.646382959275947,67.96069637747041,12.013378038462186,3.6793385568752424,83.42535324865824,12.447526984042646,300.0
25.08054168524627,88.12692737716065,4.276542126993387,6.342263898119747,76.89504690447903,3.3313373708772076,300.0
27.169278872820204,82.48245333287912,5.143636023944136,9.038423771882222,80.57060631689959,5.149942917510511,300.0
18.754549133716882,77.0220961251379,9.429213801693503,0.9591823787195063,81.99178990727468,18.01448705589608,300.0
17.4852384875126,74.52290765143456,8.805676308099624,2.8239100390828984,72.64386388512243,12.956375501890413,300.0
14.053981719549377,74.31668395796028,9.102288282365008,1.7676128823951083,80.58366990458696,19.10511290306874,300.0
15.349391977011974,87.36903062571504,3.994841440980247,4.697617681608366,59.94423888683509,19.977500619043706,300.0
50.134797697668716,86.20581257191081,3.961001159766115,3.086949099082649,66.98485330362074,8.6934820759957,300.0
29.899801314714836,70.57890031934242,9.94128382262649,9.424729194125137,68.96236549759607,7.378455153498943,300.0
14.467191552860152,87.92454202361644,5.290323637581183,2.625682857593155,89.57586248789906,17.450408992863743,392.51572237857823
17.238684541486617,78.43159272374406,6.941741242336763,4.017206242236157,78.41198295338015,19.975005686674177,300.0
25.476140937779764,74.69581755440473,8.41332648540578,1.4527804018143653,62.13249212895679,13.333542216184231,300.0
6.64471503826471,92.57187695422115,3.6411037928432837,0.737589327297705,82.31854698724031,16.312533005207403,564.0665903727967
20.688541991512956,77.36719499592493,7.304006858048297,3.875401131562013,83.04876880718352,16.07142545867494,300.0
28.81155064767701,78.03237437154814,7.730762925085916,1.4850411881766366,72.83529210899174,8.396114747951845,300.0
26.379712930153836,78.18265461865772,7.974328865839183,4.71419085563921,80.21934642258215,12.33686684462757,300.0
9.839636076240279,66.83048512995153,10.899080197581238,0.5200762448831164,54.02668813452177,16.995024942755844,300.0
11.40424068451583,81.79835623913502,6.315084661514932,2.71095475705987,51.959462752431925,14.386049772698998,300.0
2.5810185329933386,76.9306397272196,8.218668979738405,1.0376073204605827,66.9688240933733,2.3809486516766887,330.80420084052327
30.86304192407519,63.840905655538485,11.732299293318537,3.4340498165001057,74.6759010170137,8.060702040155604,300.0
63.76212168754761,63.83523658514943,12.707533270275517,5.569767875131792,82.18915567334477,4.6005625387028966,300.0
8.712375866847546,75.88016635219797,7.60235568250299,1.2741644457222954,66.51929442002806,6.193499817404703,300.0
38.110769706294064,81.85469097765795,5.508366277612289,2.1340325828302884,64.56428786946445,18.29881059484386,300.0
60.24250913505612,60.236331061471404,12.0329234641865,3.1565054126497847,69.72508114626433,2.664079200393827,300.0
13.003717679089238,72.82040259820634,8.657095925477039,2.428198711424986,71.58257319332529,5.956412815314628,300.0
17.256231025960986,80.08673525867268,5.985352752279598,2.3334824078151817,70.43284842243443,7.572248340288166,300.0
22.35245175923907,66.47611044213343,10.85393068761821,3.8287727936445837,70.81785869923252,13.103913295395106,300.0
25.813427185664644,71.04899195329511,10.139930121099885,2.7162918752866134,85.92508234582145,11.613830421545579,300.0
23.199679842052987,63.58025655208257,10.759375079939062,2.2578899339332663,84.52925662233515,5.9288506913609496,300.0
13.810738707217535,86.3217291644553,2.9796868961785448,1.7058222523725253,76.10361309455091,4.956339210016781,465.92122325354524
28.51189351210424,73.31647846381557,8.295243805407116,1.479200501347453,88.57753843846116,6.262364622730138,300.0
14.058512932367897,78.77978439486112,7.442389596582284,1.5205386203116613,80.4364782467566,11.045533280629801,300.0
24.307391550900334,83.98045641713064,5.570939818572203,8.676452974343217,84.70293847821135,6.881200142801662,300.0
18.269708099909167,72.20251314878888,8.653779084074966,5.0493902152259,67.47862463207596,19.056845028938998,300.0
3.4102854139620713,78.75384113974431,8.017579539143734,0.9696137487069341,71.56936370417317,10.349573985719257,309.45765686967735
41.76070286403625,64.3620213754661,11.352598260083294,3.860506069697244,65.72045394693085,3.058328297803467,300.0
11.653799061852801,70.96813443842589,10.047251709426405,4.341207461462676,75.43542989844858,15.126795305059401,300.0
44.445846755389915,64.85725056176719,11.424020750716933,3.386485717185009,71.83634212051285,7.919215187761813,300.0
37.13194428911866,69.89104912972456,9.341295875963553,1.8928393403429022,75.31180413400517,13.762800777048456,300.0
21.88582546166868,74.10675412504837,8.14702852782542,1.2491561750762936,92.43906999348684,7.032698669418176,300.0
26.730146953224274,78.4284248774777,7.7777253486916145,2.7648107103975974,80.44598112025778,12.273387351199759,300.0
28.942481385463836,68.50291851086276,10.787847279159951,8.423209840149697,68.98950249668351,15.898745086534364,300.0
16.0982355048653,81.01544959626945,7.102665598931418,3.1680924000053254,75.51979526276779,18.704157351941973,300.0
16.675220431398703,82.21146183727811,6.218301586936962,0.9808736825710832,89.00719663732704,6.700288599795387,415.77258981420556
28.00724841285795,72.09582788651312,8.01245513395625,1.820227021070006,80.7998313215084,8.027425117981661,300.0
18.41222134180747,71.5115147254553,11.1876936256286,3.8715018225416795,88.62820626954542,10.356795565146914,300.0
13.845751519036959,79.6345669216518,7.088612904029509,4.375528964957944,71.5429878993183,18.6891470792478,300.0
9.973129186728872,78.18257187483609,7.6842132852318885,2.421727413776828,70.06307677480392,18.224963422591827,300.0
24.798648127389683,78.30711204616263,6.929492507681875,3.3079602741784138,67.97080046865673,3.6178090418114843,300.0
11.346598058954777,92.06267991710969,3.5363159956040033,0.6248233148995069,72.64413187093157,4.374736863568595,569.3998210800916
33.10214743627823,75.26662395144052,7.369972634373061,5.181804309118191,63.429130796623824,10.919165191951489,300.0
34.95171302163852,69.19677864499847,10.755603713797969,4.852521649858382,75.37798060213001,3.9191469104976226,300.0
26.590886294285582,69.0228881197207,8.661997334295467,1.9291484802153396,76.78685224656196,8.220455720276554,300.0
30.429252325264414,68.48795143786916,11.045783004457094,3.988106017224977,85.4486138849999,4.670936807914598,300.0
26.644420317135605,64.4360970733412,10.990993979574723,1.8159937430660535,58.12497444720958,13.448726392373946,300.0
31.876868626280913,82.44903776898283,6.071916360014089,1.6761753741850942,64.68532169789607,19.090917771304913,300.0
30.985103819740157,57.317046604811054,15.31352350512659,1.998385670331661,80.56645869781552,19.941207865298868,300.0
23.891850352784054,80.64863146414196,7.108630078219699,1.588152984859267,76.03148051548649,8.754340384944467,300.0
37.43733618394921,66.81927478612933,12.03974707405094,2.696085060990641,72.75162167989907,12.78222746806302,300.0
16.526208473396878,74.26499241885975,9.475014615298331,1.910425346808328,86.85975328818155,17.412817763433463,300.0
10.226911564428654,72.5661783234706,8.725181031181899,1.9320905196216231,67.34037544125026,4.114317310334911,300.0
9.798360554310257,91.41127795518798,3.3415714873169557,1.7853246763010724,69.93568138296726,14.41215939893537,442.1273794769747
14.767327926857497,78.88171266957757,5.659495593387364,1.369636976063744,68.13029421097887,9.359185911051227,300.0
2.9068759576937424,87.68351548965019,3.5559457024278687,0.2045529817270321,59.41179621130573,5.710630885042954,501.26107904668936
21.735091334828944,87.62249477510568,5.239958985592015,2.9450082040763648,75.89909410052205,9.249565137453956,314.8633907951956
29.20002850915401,76.88323752016535,7.397558051337239,2.467518831700294,68.87832244030032,3.3672851653685036,300.0
34.6298551995374,64.81644168926007,10.233451260910048,2.441052405572742,66.1734144436434,14.517328674607503,300.0
4.191209080676594,79.31279200132498,8.506695133423426,4.24348637802264,69.11449250104279,6.5493680374721555,300.0
10.06474235462846,73.84777257345212,9.167209368718403,3.2499405395789203,76.29456841504019,7.605301610807804,300.0
32.44758677204335,70.83349761505207,10.333750037893944,5.5229363687925375,65.91000635316465,4.17946336834633,300.0
16.141752071716297,77.6918242030281,6.651682971053113,2.1734131644074695,77.53684493771671,17.56386405001805,300.0
28.76353076070981,74.59877809590573,8.694319224455318,1.7188426287739447,77.7820918919073,10.881997027089295,300.0
6.338450979687588,83.90241407263102,5.571921952501016,2.6998350515599636,74.3620335885469,12.298643800155205,346.055459017014
44.11099761550492,76.7540148748328,7.091473823090125,2.6670793685507177,68.08514159983943,12.249788295707383,300.0
5.887036612127023,79.63169053520039,6.653580739848009,1.4583853252129373,78.75036351104735,9.388876061744151,370.51077809378336
21.292883070612447,80.5433170693286,5.285186806664054,1.1990633405094397,74.51042005819971,5.46553847788651,330.95202865692534
21.680181483858128,72.83548123406767,8.777471962343308,4.573475392783302,86.68340697561383,15.4123894729712,300.0
12.723111507569637,89.71915407310671,4.206025648105619,0.9053695538008685,78.9199231119064,4.287012776438138,540.084033741113
25.960644254780732,71.76456795820707,8.814332073403977,5.9661322794811245,83.93017736425168,3.869728225018589,300.0
26.4593805015673,85.75642816663462,6.273695546929702,5.3165638996293065,79.48969194599603,14.782610676737061,300.0
24.557771524015912,64.78875353054273,10.58820894645771,2.4773064891635146,62.41457101026011,5.759066368135709,300.0
12.540638919271977,76.1978013784734,7.725925927339058,3.35506628178074,71.05852027985836,7.521909524350982,300.0
10.69294209645674,76.99972734987068,7.141613579151805,2.4668966237270817,75.92718187814756,10.554094406031325,300.0
13.614592312114409,81.23672404932263,6.11028065179416,3.930600806080872,83.73780994854623,10.08832370113183,300.0
9.53405919025884,86.79704140389364,5.498166024414856,1.6072845329095062,93.88420809840831,14.754424251169986,476.14148440452
38.55379891807522,63.52300261354723,11.371434731646314,5.009459407377439,67.82360598430382,13.221772281980497,300.0
14.535598468998558,69.93830400047706,9.659548908430688,1.96827228717697,76.2809651142303,13.599130921073582,300.0
20.868268767726768,66.1937163293702,11.792365825721777,6.702689710512484,82.03296122003647,14.852977951798232,300.0
32.36121748452384,85.4420057309921,4.927191780270091,2.950573288742987,72.5893698025684,7.2670290936223765,300.0
9.149046669863955,82.36804927500691,6.017456867778232,1.6995492232454061,91.38851400019254,7.801999612408526,456.1559333748461
5.655598853562443,72.08079858455928,8.53417940013393,3.357683035788818,64.98557739505304,9.883959462119975,300.0
9.56169030185611,76.35166914194309,7.825510175403638,3.9252885560332187,82.63192569392452,7.53431911460347,300.0
22.488638950336192,86.50659059621799,5.403065895825623,2.7414991427667093,80.6046234473748,19.728881641475542,300.0
21.438498658432543,75.05857645265493,7.026191062650239,1.4683337333386492,85.11657348605868,16.652934675585733,300.0
24.525779415960667,73.90682342615926,8.139878204054357,2.487603850369564,74.84359522701286,4.963784388608532,300.0
17.29160666977271,71.94547287806554,7.89907573702455,7.753155658944208,83.39394996518655,2.100694805873651,300.0
1.239932917066264,73.52727624769533,9.253821808323217,2.858618736432611,75.535756846284,2.7700988284508217,300.0
16.891510686468383,87.7504581325222,5.063557058744177,4.178313478744322,68.21775196466643,6.393142118772655,300.0
35.20705369308467,87.64566089745786,3.9713850443470795,1.827105371799322,64.15811484560176,4.057243145063418,300.0
41.160855491622186,65.06305656954433,10.841231798539653,3.3197380876727243,58.81725198987787,11.600086068066298,300.0
19.904349429052015,88.86058175935351,2.9321422523852023,3.07564651513231,71.00611846200853,17.443914009092456,329.846088765446
21.494373260314493,73.37212255240998,8.638313382898481,4.6190168971182946,77.54323940446639,15.261503976438092,300.0
28.40690965774246,80.01966383824777,6.419414417604192,1.521403505587567,71.82977468658034,5.880963135479427,300.0
40.418980964091574,84.38953462641511,5.932953880672325,5.847974756972148,73.68284775514825,9.187386608464145,300.0
18.673880887055088,76.73113343921882,7.221188026039315,2.5236150863173132,86.27682902341877,11.142095771562998,300.0
28.144454473782915,73.18468465362889,9.286501119339057,1.8468060006411873,69.0849528940013,16.58370529106004,300.0
12.109970395456493,85.74445422330506,4.507472568833354,1.3687668377900057,97.21017292308929,17.104188855910966,482.502041773623
6.462580233339152,71.69860965237538,8.83799121834967,0.9855042064858475,83.79179995591427,18.37492961433997,300.0
13.133653591821812,88.28708723252264,3.6400034051530055,2.170386657886774,74.22162045804961,11.166414509051753,417.81550462309013
46.3740153558206,72.94019176126014,9.289166785076738,2.424839308603491,69.03147884859675,14.496945435845532,300.0
28.523406257304785,71.10284655815954,10.364331192518849,1.7713947836195922,64.61231945041264,4.012406682210869,300.0
7.029990482065563,75.62006126741873,7.925067694466964,3.7015125813198355,76.67804874370624,12.175201279171677,300.0
29.407364119377952,64.46267979910992,10.882622895658477,1.754887502781531,54.09853018294647,6.476452570480432,300.0
7.518081014173732,76.05664484388986,8.7808902279824,0.9074745701090469,88.13818342529096,9.770903930479,332.61688794709346
24.29613749606225,74.54254765491109,7.767281941841279,2.422775335082405,48.97008217543525,13.41290914952095,300.0
8.855645261258445,71.5614097888313,9.688188604531593,1.8987601482734104,77.01141197112186,6.62574688136806,300.0
6.675733762743576,80.16761876316438,6.590927611448868,3.2183353370210366,66.66673892367811,2.9393310403416995,300.0
51.30602289667891,74.4960116389346,8.374473379811489,3.751298327683397,63.95748869818538,2.1842094153576355,300.0
14.52723047082199,77.09623220842381,7.245008223708323,3.8463681120096074,70.6355480330738,2.3988716398013876,300.0
28.1800516235051,81.10219525498302,6.795387272671365,3.335485870172249,91.06762740363173,2.1502952752478537,300.0
19.231328870328703,71.31198778469299,6.697020652445662,1.2016119411048027,65.15004432021763,3.9863910180417585,300.0
8.049245435192963,88.25622811801708,4.823767034021271,0.7424533938204665,84.98494908786816,6.310796862262338,557.2315554997563
15.714351896720906,79.51736022892027,6.0975403708446825,1.9347887063253464,86.05046367889794,5.9819872552813855,351.4701552834152
8.11052291494611,92.5777423167498,2.80045142221725,1.4168354884727496,55.70156776057021,19.762338695238142,395.9900223778075
74.83850795930947,84.84926674686179,5.33426491206068,6.4635238388563145,61.20004890525067,7.508109893760978,300.0
31.56934971112542,71.29279432512615,10.589050463907938,3.3169818944434817,86.5887293787625,4.293574100469184,300.0
18.975294658331865,74.39292415995533,8.693891255112014,1.9312456783848213,63.28474474477513,11.820125795019644,300.0
27.18393107999576,74.04959818681118,7.98684659322237,1.733688558273316,84.67089466780236,17.44323419715515,300.0
30.245784177139527,80.11154548243343,5.345680848860082,2.0268202452923427,73.2663331408193,14.205086782178153,300.0
30.298672519085066,85.942051809602,4.406940206234285,3.228624970862276,72.8693231560281,7.329477604438106,300.0
29.451422941238707,70.29821907956907,8.334053297037235,2.573918738175103,74.1717110732909,12.109090876246189,300.0
27.976056927241878,78.89522160783136,6.532137565674276,2.8457167122560296,76.85073794469683,14.867407535607365,300.0
20.093157401594066,76.49208705280317,7.601866486134779,1.3789500672090373,66.3492827275127,15.105880862619362,300.0
48.836089675684924,76.20093309167402,7.381089520352188,4.616592892507583,68.29481075027441,13.997692195358399,300.0
21.009427873258918,89.45358741514455,3.5488897875104115,4.878850968806433,78.14797154483307,17.674587645961125,300.0
19.370592617143007,75.81584372476442,7.87250221634316,1.5651786546502455,76.65038366229862,17.66189825019388,300.0
21.136534368031704,63.99102110564317,11.740843731722585,2.409462798312216,77.93654990769544,12.420858069326059,300.0
22.202014790499135,83.06677016113254,3.7050894526593092,8.53049724806958,68.16551438408517,9.73741464400182,300.0
4.224892338848639,74.40888193660967,7.4946085432483365,1.0219000736850001,83.02095903722241,13.548265320171797,300.0
9.481105347462654,78.769230927848,7.591048409534568,2.2820205680410326,77.68011527727597,16.727816024668336,300.0
17.291178136627735,84.49218750491481,5.812675850053019,1.0536104223594327,61.14402281444053,2.101737887141325,342.85641444461515
4.013943096010084,83.49609134712664,4.030281509907924,2.0635820503368185,72.57956488289568,19.85594616226732,335.42853331620006
18.953487044313523,77.01647264582667,7.009401239737139,1.1354865854109513,67.06143626057552,5.292087901925586,300.0
21.9993793065087,72.55308285290153,10.006544676445461,7.499853140898619,66.48869026728751,10.464481741879572,300.0
6.200440983710125,57.436752741383785,13.613318035481287,2.825209851054713,72.7456126783806,17.6965352271716,300.0
11.44842867118511,85.0679122183889,4.888169964170277,3.676267445797885,81.76798312954824,6.050727182795589,394.22067611271365
42.22331993118023,70.68725602133424,10.924358922767981,4.546662910559016,65.98937176428245,10.582314030206899,300.0
27.369928324520725,88.08530599545124,3.682302819028206,3.150371316136952,75.88403171864334,4.386479243261225,360.6759137685218
26.334613168130176,79.39060934270631,6.46602135761487,2.512087525373587,74.56427113543872,9.111373856987466,300.0
38.97898030697698,69.09562135218633,10.17583019679712,5.8580712540565765,65.10568131519324,5.188438186274046,300.0
9.635354179298396,88.41518278756267,5.344334375798972,6.7672492336237156,73.41536069709959,8.545299477880826,300.0
6.2174083201821855,89.84120541722544,3.7432263299564377,1.6933131798276515,84.8150317616629,8.722355902268996,560.9580462441642
35.66656878827532,72.40110035175961,9.214898518303945,7.1461951017339755,73.96227144422848,19.87707421276999,300.0
17.648087890946048,87.66657958857769,3.6916521725955027,2.6333398372010186,80.25623756896759,19.9066345274679,360.7404965985119
9.42342016522034,75.48438312056314,8.602925835690518,2.0172156226974898,88.00295587038696,4.0661530158910235,306.6262213327897
4.190698515242593,82.35522848190985,6.4093503219746895,1.421576566960659,81.24982871031631,15.067438027910251,396.7100659796861
21.306176281194517,81.88390831988744,5.180154419123811,1.5349511580711543,57.481873755852924,2.931418634043821,300.0
16.188761428759825,84.71672515778634,5.6437275009614805,0.8168912633565579,77.97106523072691,2.5434562760693953,456.7329506753506
14.196542909851672,83.84893534875975,5.262766387781338,1.2626685248160605,70.27151567846009,3.8960100964093574,396.54528936189644
1.8212191349683184,78.9380743458016,7.0404807924356865,1.5166311397361816,93.98354061979221,19.37874182614281,371.8012229815427
48.432880024388616,80.09434752016604,5.927786290887333,3.3775864210186604,74.29249266486929,18.935543862104552,300.0
5.187857894583463,79.86325267834029,6.392263484956776,1.4495662057703953,71.80887663855955,5.490700765052248,356.026053306203
15.25537411540679,74.09159879640896,7.812019922352084,8.652710408861116,80.77430124765968,4.910102039966807,300.0
13.394801045458912,74.6184400314924,7.597945453409494,1.5321441236925004,76.77189796988512,6.329631557287046,300.0
27.917751282447163,91.3780018496723,3.1756715597839897,2.599515321556716,58.31472148415465,11.279845893352558,305.32831812421216
4.239012368814043,75.13154985412535,8.005390129603729,0.4985728530558562,85.09569517595232,12.254683376637377,329.81279600020764
25.719921135635694,86.67469916424372,3.4020568093621613,1.384287749733228,70.45615260305094,5.988681747910052,380.8056634149296
21.38035852706355,68.21258755756466,12.337446265469147,4.055971126280723,87.54251085590654,15.619210185619014,300.0
11.00436328657147,83.48228363754777,4.606181422697995,2.2413383902882233,75.19346844971999,7.571957049247714,377.0367261035526
25.11093383289813,78.8522621686891,7.9229283125857695,4.11566142770495,87.1510012795845,18.598363859529385,300.0
18.92949913762624,90.80532522753205,1.8837206775252078,1.271190015778949,78.94865847850839,13.82100871622115,477.5590029347592
55.763438113693475,64.49682845363931,12.199592383587799,4.484636097836225,78.36659460660935,9.85432149746501,300.0
16.178019164881654,70.99552204004293,9.467711025090738,1.3940020315845736,71.11092171092228,16.218416030651216,300.0
8.411316991037346,79.21742723519593,6.424278869847967,0.9382674612881077,79.87935807626285,16.722463268839967,316.26921112330734
25.893436650311838,89.62185857085503,3.6167743353942234,1.3178577393410584,58.54387144634462,7.228668900960986,356.22563341504735
14.707846929231366,71.69100583601896,9.486139273057146,1.014699907120201,74.61449083473991,8.114861789049518,300.0
18.65698709527124,57.18812978140673,13.62065125925212,1.6728564259087446,61.804668058329796,18.847192767114862,300.0
6.264598401206369,81.09993105072085,5.613831878463448,0.5618154877192854,66.73751597214115,4.9653386905388945,392.70631695182016
28.20393357784154,83.39131795656293,4.2770959782168365,9.927471335571493,65.71617157162214,2.758707505332816,300.0
12.9529814814624,71.03989661295937,9.897819303165852,1.3858170210739775,81.96484120125244,10.172995806971885,300.0
22.539987364070477,83.82466016673061,4.388736082743124,1.4062683466141968,73.25676068258284,16.42177820438532,300.0
64.55993831946374,59.50952568961832,13.500004735340973,3.6719911155250546,68.56285233626505,15.890025913593425,300.0
15.49097244067211,77.4195177775187,8.000809794790339,2.5465723607910196,74.06906461584936,18.551551320430985,300.0
30.792063868836138,81.2472044711445,6.417375868411076,1.6719758003242873,83.07167490965746,11.597611958642725,300.0
16.298533661673908,68.91459938052422,9.78329516807812,4.782231529216007,75.55559757115736,3.8011640881975994,300.0
11.125928688938744,81.00440234049391,7.058915815582004,7.070473846887813,78.5346444054216,12.596401538048289,300.0
43.16393032716995,82.2237234183605,5.599048344732162,2.7249058697703794,66.3571317154717,16.01112105835781,300.0
3.0152665868242075,85.12811414458947,3.889966677932849,1.346783792099056,87.85639365497258,3.679906164856875,587.2614479237142
36.09277690818638,68.29458061947287,10.341491123279756,1.8494050331857679,83.56958704499817,5.107833219756616,300.0
2.6147600435823333,93.57449961214624,2.6112713650057007,2.1779900874218874,77.23978541584252,2.221231900802076,637.9858139842237
33.710418056614316,79.85084812292476,6.176852507496979,2.754139535965959,67.64878202438352,12.685746430042586,300.0
18.86235375431715,62.96669817465577,13.046979873757655,1.5726993649102494,60.590859933398924,17.96121905502628,300.0
8.431384234816504,87.05904438621418,3.6973910190878185,0.885022550505505,68.88192448905615,14.07193968803779,442.4367243145088
13.639472689099534,74.42832198905988,8.016522115364952,2.804740043624129,56.41426854290325,19.676721576637675,300.0
29.701307461684326,77.03822073956916,6.817063207461013,2.561517360493971,65.3130211999554,3.1346057449957083,300.0
60.78397104434998,76.69155840458907,8.316448161330065,3.4352695998925338,72.0591352199049,18.254019532726932,300.0
4.413667649814977,76.63215643972202,7.746687130687963,2.557309727808162,76.84835029713656,16.653229172960252,300.0
8.882828169021563,66.88103689048074,10.255844811644574,2.1092922676537045,97.5409786347393,7.656347368991089,300.0
5.752024838132613,92.77891607085745,2.0900597025559677,4.200945717199027,73.76168584107664,19.52347793307053,424.9119490985632
16.20017830694922,87.75262854208675,1.6255363623185262,1.0599472763327258,71.49178758536763,7.1828794670854705,457.5868919454658
34.302494745576446,73.75540305050961,9.370576873936777,4.795569820164412,82.38355218392272,18.007485028907933,300.0
5.031091763767492,87.72053142390807,3.9565588804319973,2.4903080802591337,59.866909641224886,17.85347438733541,330.2514830045785
18.50198685875311,74.97446903456483,6.4168531343371376,1.1694593270344933,61.85279696797164,15.637837098853504,300.0
33.59486000231202,75.38489221357815,7.039690775748017,4.053454808379602,78.89934325095238,12.142468528631333,300.0
13.487907604629289,77.87835678588763,7.036605821324707,1.8395660507992408,74.18199603258127,4.160049493103985,300.0
21.51888500033053,74.63429261706887,7.403899187026508,6.876235261509039,73.18370294037331,11.575491220936968,300.0
41.152788896860685,75.82080708337669,8.694410431156616,2.36303606633683,63.35672124496199,8.422332601788822,300.0
7.524070049804861,70.67927399987823,10.108433642166846,2.4353093298435065,78.99332105477306,16.25990659679633,300.0
3.38590703999117,79.2424538050773,7.206810819788528,1.1317644183011824,70.18390465218343,15.646325716943208,300.0
23.38338689200697,79.3714906636257,4.792692230619668,7.453678221438858,75.11118192447405,18.391025132706893,300.0
23.831154292495217,91.46195171934414,2.4256493621864372,1.9924379097909455,63.96297479944659,2.266942923770742,426.95533730398483
12.769808181795783,69.85036847750337,9.4917840136783,7.188637371187646,74.40695588628762,16.56385790281483,300.0
10.873041318550563,83.77235537177829,4.645971312790233,5.178762260872802,94.55686426668004,18.892316956244038,309.12461199734395
19.137176278045693,82.83101143025283,5.390855964984754,1.5873305390372754,71.26900145065542,16.207408083946703,300.0
7.403998477245307,65.35737048954414,10.646552604483103,3.6248108738443694,75.6675765346872,4.3435002776666005,300.0
7.414482805974018,83.65306989795974,5.621153287040261,10.0,75.02912060188216,3.4630238871359795,300.0
29.572168124758367,82.5364036444234,6.434439868662416,2.0610865274417303,75.0989574563866,2.3752143165386146,300.0
6.9592563474703875,85.178185038616,5.48491197786694,1.4961226924472006,81.13347936503773,13.317414064905279,421.3937606420117
3.622276156753705,80.53168120653278,6.379110596453222,1.6498053688400913,79.73579833257564,13.334107733477971,361.60367633540204
10.85535926378298,82.27774125414717,7.5068113390177444,1.241687565647929,78.84953868638509,19.764446855927822,300.0
13.01344956352864,80.49579867401593,7.413380533595098,0.6814375715762102,74.38448210588103,9.164777133873724,313.06708981262904
25.71803026900698,62.8263746342969,12.309961892296327,1.7831556548843794,75.00890296221229,7.974313128154941,300.0
11.635356628278402,80.98678413981449,5.951920851900624,1.2441634493755651,74.2930976430703,13.239648689319065,314.7301483886496
45.62380772722488,69.02619905215714,11.395022046173157,3.4537249506046104,54.809200483072196,16.86095610513669,300.0
19.856766715301916,71.99293395464971,10.141753227993615,1.3681558325491443,98.66102008137156,18.861931091414032,300.0
9.658158091660138,98.0,0.5,4.6140539234279565,83.06883103217594,16.456234991222694,537.5893695773606
24.98645330930696,86.52390602890893,5.360688379080021,3.690280111523255,65.402159156043,9.680131651084485,300.0
45.11081482890891,62.874244255124935,12.251753087179212,2.4336414191872087,73.26792141511427,13.428456235617155,300.0
29.038392198900528,78.3846432887686,6.516389679269112,3.5520922209560206,61.49297466694307,17.413387880890106,300.0
4.74096057001783,92.62119087911067,0.8762383529039124,2.3576963359178458,72.80504197203297,10.83097438961131,561.6281323665336
13.896720697143694,66.97312821402036,10.79382430623497,6.952046024865892,62.541595025296274,5.900359586697069,300.0
22.297965265813925,77.71031277277817,7.420113674231338,1.1209491500868132,74.15864159936406,5.0550219154617135,300.0
28.24366910771306,76.77897460205908,9.010203922601814,1.9820417187469344,59.49525259867252,2.002839402405021,300.0
16.27392766888326,68.2237928528535,11.35785609524778,6.070090835152517,79.01871689848329,14.928283909663117,300.0
14.619333352042004,81.82014909944859,5.593640923082977,6.11140438681447,81.91108972540917,3.999749759227829,300.0
55.504909792566615,78.71889096978035,7.405176925449007,5.32536994350078,62.19543813486238,6.389103794526927,300.0
29.323160681849785,87.61328538134627,4.789904411022834,4.3690044866505815,75.0135737355141,7.36177396741028,300.0
25.039399719545663,74.49641924869239,8.569959494182974,1.4438532516801936,66.28841087386645,12.08683748246183,300.0
12.030640607426314,98.0,0.5,2.044114437804751,80.76498258731522,9.163230991323847,648.9258828748196
7.309199038934722,63.92824218426032,11.598181306918471,0.892305378151469,70.67005770709765,14.144131856416912,300.0
25.338281259240702,79.27531180148274,7.216607855871314,1.666788987148891,81.26398893653618,3.001495867916649,300.0
31.45955658993323,63.78054299077584,12.40353678882809,4.897635416415275,56.94074012849511,4.23090549675991,300.0
18.59031483134851,78.63159183707853,6.8884390283629875,1.2196554649078704,66.13066953939874,10.9858070635988,300.0
29.375208423449813,71.3622001460008,7.450611520623728,2.7334352651589287,63.578371844903614,8.065366181242936,300.0
29.873312181958322,79.48289097109367,5.806618161135745,7.073647814056081,75.31318699835123,7.3246405295244745,300.0
32.83681005963286,73.76085607406321,9.242132445935285,2.053017731614309,78.03428578602936,3.2065054226754093,300.0
4.660362446282356,74.36684683760575,6.8397139895800505,7.865846020919044,79.79068193410183,18.122945145464026,300.0
14.201281516078936,72.7933904859508,10.016214651110174,10.0,71.25301901707184,14.452734550250913,300.0
26.37663749379454,91.65681573096163,3.609987231923595,2.940969522404388,48.85172078245354,4.189126822753689,300.0
19.354996189806457,81.29009074594191,6.269513523565927,1.3407529476866014,75.4090712243471,3.1708272392685313,350.20700810926877
29.93486659593776,61.797299696586585,13.212578261854024,2.2566447659187965,80.56621176946295,19.547705601762374,300.0
25.029203369374176,80.89987713967179,6.789727362796514,2.3564673621027348,98.33419933929308,14.261105907911087,300.0
1.9959728188265213,80.0034726809942,6.5720106036422985,0.8399681923159584,73.84504709078007,9.514209279687346,370.7264195857662
38.02712403516492,73.67084140904083,7.677274902915532,2.560130615065457,66.27209179631848,14.631158733604128,300.0
12.859023567183867,85.73012004707392,5.5304450310247075,7.810528191509598,78.9174394965158,15.613972156642863,300.0
9.186079874503019,89.4448798173121,4.644157403336209,0.7922748058544511,74.28066202983152,16.039319642998027,457.9508326816389
37.21584486866773,66.94201230552758,10.052456812096933,4.504263239188297,83.85998393506871,10.601791501755038,300.0
28.429235875653305,75.50763487411321,7.035117704493172,1.4222825410444977,66.42591669441876,9.737889646247265,300.0
40.603560292611874,68.69832871371683,10.324452904955182,3.843763325147796,69.63383648518895,2.198505516840206,300.0
22.468368216130493,81.83185644104539,5.555068176475711,6.075938782558282,82.47966243603153,18.678028072553083,300.0
14.062281602126257,77.04786209764286,7.766672026283413,1.382283694862657,78.62993657336803,12.859541811000975,300.0
20.695059443915248,77.68109875995364,8.40602897857043,1.4451784571867443,85.31061012923497,5.656770869419426,300.0
7.839115271640092,78.11318055215787,5.499070131996047,2.5012219487975487,72.85903824638699,18.55286154958586,300.0
5.613796279400498,79.91600869397723,7.95968132996958,2.7744602179766606,88.49149107940826,18.468774231865336,300.0
11.321653947292232,93.14644417902079,1.959183853491534,2.895782523586313,61.291188548413565,19.805314958589726,370.4981844006701
48.44046519118975,90.46922697608005,3.586347524227045,3.1913400532978167,56.08368241806991,17.73301813650162,300.0
12.261471142629656,82.31921309856129,6.388576304296476,1.194319414623769,87.63613857673884,19.960118980761166,340.20486932044344
3.7074192487668163,80.38460952673609,7.126736414446208,6.428814743271323,77.47403329186773,6.404351386218907,300.0
16.616679069877087,65.57923651750959,11.523114310720803,5.966528272586694,83.75884093243839,17.160492533586215,300.0
12.133017823354935,73.24739048037092,9.153984987972422,1.8291092999913012,77.03928594947912,16.814509558323763,300.0
38.47337976028771,72.52196816644945,9.390561585001171,5.667793669503779,72.12962485918055,6.156926465973207,300.0
46.27463516073527,66.09907449953883,10.796082259530166,3.5178726659893513,59.07061699377169,3.771875882017834,300.0
13.568340868575497,74.13575890593802,7.214969544870902,1.7830634935392145,75.68719275485931,19.629569246196795,300.0
22.453375187461653,89.66337325120777,2.4701935873852534,1.4636830784931425,86.8504588487315,7.328441927370987,524.8531973537314
23.768685100615752,77.0012157877724,7.582871020477441,2.300101352011226,74.90872988155267,17.67605222842051,300.0
18.00980795078977,78.98353818204174,6.376041947135645,2.442348689415039,81.40123256904357,2.07428878414287,323.9470527367357
15.692426390164886,73.15414171145791,8.321022571602402,0.8301441478471143,81.49950167601783,2.3784465299528397,300.0
8.672577712827009,89.51239070133474,4.935270602770711,1.6080093898560002,67.54874119312126,10.38568355653463,427.94076628093643
3.098494422911166,79.617702203051,7.481215102977567,3.195547604102034,85.2133988223378,6.296864310831144,339.2698895209949
8.629394846803788,75.93462381249633,7.820131289773246,2.7106261817728354,73.8460322654408,14.417143101847357,300.0
17.549735822779763,65.49305158051293,12.039944096353379,2.89406303993599,72.9946679519308,12.180157860223177,300.0
5.039821604256339,80.40242393705267,6.196310469843055,5.058027249875472,96.08728346040948,3.394744354108846,376.9470576584761
21.644090413106248,72.8218360948974,9.147966715716729,1.118597656099955,80.09311673951773,4.927309333682907,300.0
19.630209860160154,91.15799179889996,3.3006389857684804,2.6100963585037937,69.2729503024811,8.984886861051457,404.79781163223277
12.149502147546725,94.07829906355532,1.6398155379307235,3.7036795911200846,76.7224172449555,5.340873151197797,521.1889483682863
15.195705147637259,68.7747009093896,9.860232592173793,2.3186572919131287,76.01422356507841,16.260002250390713,300.0
5.945716601337327,71.71471644465781,10.407573306555534,1.0801012437810997,92.24698089885035,9.489264239959041,300.0
32.452674670992096,72.64985449137015,9.608005543301768,1.9155788498124355,73.45124402352812,3.681773603164987,300.0
32.09181321450066,68.41149792965568,8.725811987480599,5.975316366565552,93.02221589780362,10.718172240898248,300.0
6.963013244481704,82.20746969170773,5.396334692072135,1.6207862307023464,65.24895373654739,3.635087259105455,371.77123594689016
7.14668643275017,77.81474107211042,6.770068309541011,4.566692157456967,76.60082225205123,4.320871497556709,300.0
8.727854655275598,82.32413070028143,5.395045962189606,2.199457086252483,69.78912282193967,6.312976976507695,360.63268157085344
27.260486239510108,84.13144120048351,5.979441430845947,3.605919084174648,69.42146961529686,17.471498694454816,300.0
23.717381439678633,68.26840400058664,10.592563440874072,4.447816929006032,70.14829924256401,18.643025581993495,300.0
36.94341260283524,81.83413900719543,4.943583260917086,3.999828726713073,66.02072798958483,16.872639127977244,300.0
39.63982493190512,67.45001920041946,10.543421730293286,2.9971691171877786,87.58957250508482,8.01338991352125,300.0
4.58904052862998,98.0,1.1000567847596185,1.6710371972462654,90.07868688028813,6.90403593995897,750.4004968973592
26.6111177351806,89.11336182825536,3.453163378154542,4.580121220108574,77.59613294290001,11.884802434224305,300.0
38.62747054087922,72.5973137939167,8.618487974430307,2.867066390777492,67.90071236486378,14.993356889596022,300.0
14.46422057660308,71.10920391690699,9.895240784021825,1.70565397870498,69.64526952851034,19.880710186883146,300.0
18.346728497221896,68.72479189321453,11.719623360479751,1.1185027955780296,81.88826939871663,4.368272813820672,300.0
16.384428548168064,85.38445373599926,5.240988621033729,5.739675302284169,78.20769427890036,2.8872559824284796,300.0
16.927409818645383,78.03274770765402,8.36317064120735,1.0372707630077243,74.12145494480693,14.498406001914878,300.0
32.37993059631836,82.29135035482562,5.440791840766202,3.7084335980923475,77.97774747625613,16.980064103070298,300.0
54.225814238000034,87.70415262200511,4.091926103765714,3.777414359428777,77.84976273249443,17.234278037595615,300.0
44.61698809912629,66.02119910846324,11.303425376217042,3.2713202202982794,69.8850915148883,14.212343883388892,300.0
12.603507952808787,69.38612230031737,10.299569167148364,2.9062449021972787,68.98754059288598,19.172284474145368,300.0
22.502964595369313,78.58982966527977,7.489139130011478,1.264049323526921,62.69851430925149,11.198085743802565,300.0
9.875502473922769,88.98546634735537,2.936335920704387,2.295130542286833,78.73835969798475,18.448666370051825,420.6892741117314
10.732306621629045,72.11521022495555,9.8127960734256,3.4937134748933034,95.8593677649526,19.420618465847415,300.0
17.76379738348766,78.36896248570669,5.9080370869335965,4.411186933769647,65.30346096291565,17.24883422605594,300.0
10.49582709750171,90.65126732791755,2.0476388940221373,0.8987289665149707,86.28484766468125,7.575654138655171,633.1837721489194
11.810263685885399,66.33871928118224,12.928927787211173,5.144719257817132,70.11245501299608,5.531881721065314,300.0
22.132322853437113,79.01343266375663,6.587425853831355,3.241692937504334,70.37786774876666,11.866161169672731,300.0
26.359770435031802,71.88002575550273,9.95694022895472,5.589670340638299,82.24434575580571,10.154265506843393,300.0
25.8865717779723,77.29820693661652,8.925896668402723,2.6225958062923125,71.78369082334439,17.799650159469195,300.0
26.06105822821949,81.94484151446122,4.16682129882348,2.864970718226008,76.28917943418139,3.800570079208767,300.0
6.349069860375841,82.36967269382204,6.777772712850555,5.345011076836693,79.0734923268549,6.639321103607335,300.0
10.059662720549621,71.70509498458424,9.950789890146005,5.106345006856376,70.38952163604688,15.532381001336754,300.0
19.189808575862955,73.76827300744233,10.056226822265653,2.148487853680785,83.14140671690235,3.709759609591618,300.0
37.49881326095936,85.16300492518467,4.000446495606743,2.516488240790852,71.78493832576098,7.773759452390603,300.0
73.17038216716197,68.53397907461715,11.649677367357974,4.657533726694999,54.49185043467052,8.968797092971696,300.0
23.132907033830868,83.633313473236,4.864030630305847,2.13792132467944,66.46170777273194,13.20668833812842,300.0
30.36243693365809,77.32262635605957,8.402946799401468,2.194296176467133,45.35975883281226,4.846387622948562,300.0
5.700493709532145,87.21881992983829,4.231576528117018,0.9105584612073006,77.57685423314197,17.49088082629477,461.53748329822616
29.824379578850166,72.26946777315439,9.86012578742998,5.438687436576693,85.226941233312,10.055760238392937,300.0
61.26774401472965,62.381003142619996,12.57876096577079,3.2082316636838515,59.349489947770934,18.506390813850018,300.0
10.029197959269371,85.9031581757451,3.227426007402248,2.7654538037292866,81.72946463115605,10.421658445410769,441.0941228853799
12.120004299960058,88.35259113757324,1.3860344024538818,0.9854662463521136,80.02110581156316,6.950724660933201,553.2345595368981
33.046020562023074,67.41562498998178,11.029390763859533,2.4970329611088915,66.24019918540897,4.552918916378148,300.0
19.015691536277764,73.20898937062907,8.719348846351899,1.077821133159802,88.94045367642185,2.067411704803127,300.0
2.8050370817681873,80.07708041616375,6.959549955748318,0.7696011172787373,75.08930047571052,11.578834729727042,374.0580481170521
12.707387003321433,92.16297169913047,2.4106199942816513,3.5610383862994373,94.15030736803077,3.928820544684622,576.793819998067
46.15293682254112,76.35143754038702,9.497316059378582,6.633559673989185,56.319948755616835,9.051099745361208,300.0
15.108823560755397,68.08336417770671,10.82330830969374,1.2562835090759528,73.2754565015655,12.60689170226756,300.0
15.099365398949505,77.9342772795151,6.997682724762168,2.000524050058937,74.34682697400767,6.962346144248605,300.0
31.68133849779759,73.06307548448106,9.248865291583805,2.8550466661424725,72.84628203344424,5.154037262590075,300.0
23.70876092407157,67.3979161486728,10.524421446270686,5.321654947255398,80.8546647199838,15.944989206968149,300.0
14.4961583046992,77.97250983780836,7.416840908021737,3.602503153097931,100.0,19.04224110106917,300.0
11.489156381503818,77.15208607921818,6.641987157138606,2.0137572745726073,80.33622192458724,3.807927521515388,319.1723648636126
94.90244005043263,58.22840299996756,13.916997505189796,6.966980873824852,63.946796176064396,4.8006258389301415,300.0
41.359045775924145,69.6419589902422,9.73706508642446,5.827233625143295,61.89434742150368,19.280227830548935,300.0
26.054524078952753,88.03915308942082,3.0887596698981157,1.3218956864576181,57.0448631342733,2.6801159926204328,355.35325244985086
27.186488392659484,73.1093476248108,10.544139486187849,2.3906323795460076,84.41837422341386,19.5973820579085,300.0
17.00456248402956,78.65636470391561,6.247556802742662,5.605775948274078,70.49225822415417,2.083600695529798,300.0
23.51425906056447,76.356745308462,7.886656275932885,3.8722696292260093,97.87428632012586,17.726035801723963,300.0
15.699742574730076,74.5059218306207,7.8557796285007635,2.350436821137129,83.42294317926049,7.531853257779492,300.0
9.283243153743374,80.59372436511804,6.706390121664555,1.9726952470688426,79.64554878797016,18.89459944719134,300.0
24.151017339228396,77.20958095415186,6.577298241040912,2.062267203305434,77.88850746214472,7.705015195440538,300.0
14.702350349436921,79.40353513831761,7.537773746375905,2.205225934677282,79.39443833308366,13.777513787613008,300.0
25.014612265871783,69.62292016473684,11.754618227508127,3.3813750179801545,67.9607056518453,3.44058625578686,300.0
28.245965649244468,74.1368914991451,7.9494047772710985,2.4961158889618313,57.96358081823017,6.361936606167302,300.0
25.914272810797897,82.38143498442332,6.846430095337283,3.8003118174937973,69.12069293973775,15.926228236626514,300.0
8.654985309583997,78.6573701808512,6.808706464199713,4.382656150962421,76.50054618581878,11.516345366218754,300.0
13.525291966174764,80.31869106825161,7.765069207443665,1.0123561191678432,70.10485049402098,18.703443112166806,300.0
14.918265375689337,80.05427762315918,8.3993733144904,1.9472207343488692,64.15150824400706,9.717525350144378,300.0
35.42481015120624,77.54570281260597,7.2978017197645775,2.819805672871499,65.91638564265679,17.656622584650613,300.0
34.23703245637781,78.93706017970737,5.804767075381821,4.037928001032411,82.15003733429981,10.081197874608275,300.0
10.553453879112881,78.2850352686014,7.996789087081737,1.1026834441041533,83.11474397768039,19.626469016635735,300.0
6.211324298757899,73.34282622953648,9.065258356509798,2.355263167974246,78.57498951831786,19.277018865179784,300.0
75.32577199621906,55.6786075314328,15.175230423744512,7.965401460317826,71.9490155372698,7.924460700009446,300.0
25.228872550256533,84.59113934083443,4.86441085291303,2.3444655741183738,63.99226790911252,17.946626067502457,300.0
5.462185287704524,86.96032282047352,3.6389648049136003,5.1116999225291435,69.98584908105107,17.257004735881686,300.0
11.964782510662179,84.56266532235453,6.074056770655402,10.0,78.9684182928044,5.792247151896131,300.0
36.387679734377535,80.48433868133833,6.7610524351987165,2.043688933233661,63.46526856144796,13.237227214098855,300.0
64.2081524944548,66.58175858221284,9.984568178582073,3.741083275725949,69.30836135862567,3.3082816806166675,300.0
57.672701654668906,64.31299429384843,12.445168747279505,8.890347667351206,57.9503734053247,17.06079297050231,300.0
24.511839797871346,68.764135966084,10.8008895563452,7.58142862006124,59.440707665416774,5.141825903062937,300.0
18.712822857123722,69.16837899874879,10.016967860958218,1.1412737091990026,81.78178537583534,3.274664624943761,300.0
7.95828546540768,89.94644670601296,4.647035018722869,0.4281385039732788,86.0136698497887,9.203943719698602,588.4056921017741
19.86202101370059,73.68519653095268,8.277062626471295,1.3444286443898472,69.30730790277792,12.384598494793583,300.0
8.911487151969828,88.47834538025373,3.7053623413915506,10.0,62.943113684966555,17.38850525407588,300.0
13.627677133814968,77.5068243875155,8.112643674536061,1.0782847990427578,56.04449872881163,19.536365459391256,300.0
33.023297083914954,69.32494497559932,10.28642870173147,3.0476756919273797,89.58850678322263,9.910865226257545,300.0
15.641127728261658,69.80403351938128,8.957783636719492,4.555309869556572,76.62034852230539,3.088044613734864,300.0
14.86436222498622,74.02460545460103,8.805504346861067,0.7844433075212807,70.26240599173784,15.484080422465672,300.0
17.989108390037508,89.38830641744207,3.2057193606137915,2.7546086883196144,71.99042966704707,12.173118612030875,369.0330449482879
82.24849424530758,55.23165062779384,15.608380120001732,4.761187225130719,48.40673561186349,10.062044207200337,300.0
7.223157269504593,97.3448799725462,1.00601468434738,4.327020812110328,82.4596126734704,7.566839818259414,610.4819859219571
22.769404022141636,70.26587169537169,9.986982223980684,1.8051158215965684,92.54955862364676,11.043173501183642,300.0
54.47756332196845,76.0145358343769,7.1565537908991255,5.045422058994866,62.74755242179034,8.096232880226557,300.0
17.950265756761706,76.88893117947252,7.519669360511288,3.1405769754980137,96.72257346630754,15.626213619452486,300.0
40.87078156719314,70.44395139500803,10.628097076874115,2.544295080587306,70.78573866977112,11.79008653686754,300.0
5.821278883542554,70.54795242861954,9.196120114827057,0.36190217668001684,92.09158632436164,17.783259934774016,300.0
16.028493254245898,77.68658762205601,7.411763947511159,1.8541479455820642,78.32471541052433,11.783790463689957,300.0
9.730783224734234,70.59293971963044,9.053196585470648,1.16924825820684,79.25956321733483,6.288723440118741,300.0
17.812137496317195,64.62871295267068,10.843354902935104,4.201337601918581,91.88751105819,17.3196538801786,300.0
18.087679411515552,78.97749995520617,6.939612778939795,4.126904999859002,82.29518353568932,12.02994280874079,300.0
19.470683222203046,72.63306483642928,9.261352653092109,2.194914302856341,78.41703022166493,5.723138686584102,300.0
32.82344797124577,88.25362957532577,5.510547159610818,3.506582958108379,55.56845126166644,13.223140579211998,300.0
1.7216667552266942,89.6214070345927,3.0951626813921305,1.9400765896820018,64.14087289400989,8.438901768963696,467.6926878194767
11.54397578798767,93.03978277733688,2.279936993447267,4.0879553000746665,80.35939839797213,17.199301021257185,432.96166161139155
21.70471094235971,71.77790035661768,8.407307733417367,2.192014420455438,87.91834310698722,10.15939529563777,300.0
2.9748732158230102,82.43462981356925,6.34491540740245,0.7931435089054107,78.67382862284319,15.075944445933501,412.6176371186573
28.478194411730332,54.7694295519709,15.395332639492324,2.0397742977305966,68.37052908832993,3.719651737452269,300.0
11.36986720313917,77.24421016981559,8.77597901888128,2.1050637754488983,59.70598641698466,9.128438233442232,300.0
16.257365797711543,79.2113663087009,7.818842284973333,2.005447242853884,68.47312961298923,19.698345856503177,300.0
33.80104354255296,75.79615504225252,8.349073654322986,2.8501205390967232,74.07267363139037,16.55228521058867,300.0
42.06416526915249,72.40693635645306,8.821630681511353,2.294330832111834,63.94626533941527,4.878934442604716,300.0
29.05805848644658,76.1399677069951,8.11707884798035,3.9888857793869965,64.92527479345581,6.9997528905905915,300.0
7.038169349060434,58.74566166989941,13.66263534032812,0.8328355476254579,76.44821922635118,7.936684559414499,300.0
28.101139654808918,77.86752396459786,8.140210038391096,1.8437426247601325,86.78453408288017,13.706580088918022,300.0
29.367793647555835,79.40660453297802,7.525450347643967,2.53302732987138,79.72130544386239,15.6259056708138,300.0
25.63724521725382,87.06400927323497,4.074864553997871,1.7988295566873587,76.69125928574297,15.491478958542377,327.0285652305918
46.45814185347749,74.7291132664504,7.2540338873216985,4.076365838995194,72.69165614882218,11.177733013515251,300.0
19.83553913023843,76.59028485764165,8.869948220962456,1.920498800988848,79.94925945167849,16.594769681086724,300.0
45.32917303961166,80.8671173091332,6.843126729080828,3.4581791911440467,70.17343986201404,9.867405489634551,300.0
45.154412191725974,53.20735552102446,15.341956103200378,3.798508603967705,67.49110361213474,4.229850175320115,300.0
29.917552450454217,71.29855021588291,10.001448606521967,1.9510231202147712,80.1201127657563,12.15995314976864,300.0
23.018921648810164,70.80935739679208,9.79010324606933,1.4895631663912596,72.48260421321757,19.14142492281992,300.0
25.737047595960778,76.06167513023814,9.03433596422953,5.534423557060929,63.40606623839717,16.273885725065206,300.0
52.857088616453034,52.78189800654701,14.195543145706974,3.7802007555175052,83.02513679870013,12.416611658460363,300.0
37.467609974587006,84.31421110354061,4.9108435256090495,2.9357555863543956,55.5145128483792,13.642501886283744,300.0
7.814986893160749,78.28222368603066,8.518502383706064,0.4632728077465241,90.45665738713171,18.75011648664031,315.5325938349983
24.648285973717478,79.12775061505363,7.40797518442264,2.6106302074926084,78.82485432251225,9.710170299829288,300.0
9.315634053563297,81.73529030869523,7.506321898419625,2.081415584908466,67.84429829731155,7.9650945009674725,300.0
11.099669766877966,89.65799181030245,2.469890388701746,2.191682751911409,76.51734051995122,19.59034817000808,422.867597847316
14.048362012772131,64.01375927819777,12.853170946684868,3.1577962117694103,71.99697509180878,17.541976403186002,300.0
5.295599042766501,81.73353753434986,6.898600360646444,0.6555493750766687,84.43919169878045,7.814784523134843,446.06075637511015
8.808320590399244,89.23159555575106,2.2440853198199138,1.0217173361304133,83.73413318390459,10.348050752496611,552.5374531094221
48.06876341967032,70.640980473907,9.54993801040453,5.732604510902398,74.90595717677029,9.471406322140382,300.0
11.04425250592799,71.96010930358942,9.261406947981593,6.433588113056442,83.02480985296287,4.68372221608581,300.0
32.94490059944909,69.92100094287491,8.73068819602777,1.939454378996704,71.98877308430664,19.240747828638664,300.0
21.11424373349812,74.21133036417918,8.376541350723924,2.4326267951803153,90.65193929672108,9.277623761955658,300.0
27.291713114789054,70.22742287856249,10.622738886435387,1.8466311593898683,84.88270498390028,17.75592348748234,300.0
28.073042266384114,74.60144176485662,8.153447630761336,1.5275586041655809,69.45999219515016,5.408412098251971,300.0
8.476436344295342,92.20116322973504,2.7933187812942064,1.2113989219839263,83.99028999265472,11.861674591469956,586.0386548350739
32.81833943119676,70.00104720083685,10.199147159236505,1.9511570626772181,79.553489658511,2.4313049322368565,300.0
6.383343731319857,76.69427258487764,7.758861076129774,2.7944543892985854,74.66864354271294,15.755968709161554,300.0
10.673553424356552,83.33006291904405,4.992500074431639,2.0596388259026868,73.31865718812283,12.45645016843301,339.3798303782132
27.801294496705907,74.48515229901369,9.032000413569222,1.7006478178825222,84.72437793149435,13.260612502455547,300.0
7.999694776139837,69.60658608249018,8.86151096328248,0.41855385244591664,76.63180200634899,2.930975885983762,300.0
2.642414238047734,80.92916136539732,6.363816722340773,3.4342771225762796,79.90918487732093,5.798689943755077,358.3199648499439
23.862900815497778,75.95903036141509,9.122045618609443,1.580786454213812,86.99450146685206,3.337955702364443,300.0
4.41073667400407,88.83506469522433,3.363746501718917,2.0844455822225885,100.0,7.200457684468612,640.1375339698108
29.567888472723283,67.71784535037959,10.178861239338314,2.3001194587697444,68.78919220626642,13.293902138278717,300.0
14.8365744738293,86.5945094778011,5.0489097517532695,2.503125484753762,73.75041157063563,12.191347717712754,341.6869123358433
23.628840557256915,76.01900858060394,8.12440921493506,1.9400242203282638,75.08571002389724,13.018696789041025,300.0
23.327927904166252,68.00432249376345,11.261583661057728,1.348302799195496,75.33543870901718,11.886522884802098,300.0
31.03296246667783,64.70252176071546,11.796624868317734,2.0561493066011867,76.69624962750534,6.914518322165469,300.0
28.347257730365317,91.23871152258786,1.0097955318697687,1.83401702177314,69.3003047672122,6.401134952199654,429.44611110872785
7.93673414536629,78.9745903053359,7.952400626561928,1.5141369494905668,65.37777070167962,4.467074303658463,300.0
15.526534929579023,86.07619524933652,6.29728935620378,2.9238760714272614,91.41944696421088,17.28327574826286,338.53891865875636
23.60969156439174,63.14091269896878,13.313595239146101,1.7930079978838651,79.93128877257529,13.096628453742401,300.0
